epoch,binary_accuracy,loss,val_binary_accuracy,val_loss
0,0.5720667243003845,30.059555053710938,0.854069709777832,29.74735450744629
1,0.7914248704910278,29.09373664855957,0.8997092247009277,29.125417709350586
2,0.8700898885726929,28.287124633789062,0.896220862865448,28.685245513916016
3,0.8923749327659607,27.576602935791016,0.9197674989700317,27.759069442749023
4,0.8945314288139343,26.908750534057617,0.9488372802734375,26.87114715576172
5,0.8995121717453003,26.24685287475586,0.9485466480255127,26.109649658203125
6,0.904698371887207,25.60635757446289,0.9456394910812378,25.375755310058594
7,0.9211810231208801,24.972492218017578,0.9363372325897217,24.66356086730957
8,0.915429949760437,24.376739501953125,0.9375,24.06187629699707
9,0.9220538139343262,23.7788028717041,0.9386627674102783,23.479938507080078
10,0.9227215051651001,23.20511817932129,0.9491279125213623,22.928485870361328
11,0.9274967312812805,22.64566421508789,0.9267441630363464,22.364892959594727
12,0.9214890003204346,22.1097354888916,0.8930233120918274,21.853742599487305
13,0.9094222784042358,21.596189498901367,0.9424418807029724,21.339824676513672
14,0.9275482296943665,21.057504653930664,0.9180232882499695,20.78217887878418
15,0.9197945594787598,20.556560516357422,0.9491279721260071,20.293869018554688
16,0.9297560453414917,20.05156135559082,0.9197674989700317,19.797225952148438
17,0.9269832968711853,19.578248977661133,0.9540697336196899,19.34016227722168
18,0.9407445192337036,19.089948654174805,0.934883713722229,18.842914581298828
19,0.9376124739646912,18.6319637298584,0.9255813956260681,18.39643669128418
20,0.9311424493789673,18.19904327392578,0.8962209820747375,18.002582550048828
21,0.9294480085372925,17.755706787109375,0.934883713722229,17.51592254638672
22,0.9433119297027588,17.321481704711914,0.9255814552307129,17.10665512084961
23,0.9375095367431641,16.91597557067871,0.9229651093482971,16.69593620300293
24,0.9354044198989868,16.49966812133789,0.9351744651794434,16.292766571044922
25,0.9446471333503723,16.09918785095215,0.944767415523529,15.88684368133545
26,0.9397686719894409,15.717814445495605,0.9523255825042725,15.50802993774414
27,0.939050018787384,15.342910766601562,0.9595930576324463,15.140220642089844
28,0.9433119893074036,14.966546058654785,0.9517441391944885,14.771629333496094
29,0.9452630877494812,14.606809616088867,0.9322673678398132,14.427051544189453
30,0.9384852647781372,14.270925521850586,0.9177325963973999,14.099699020385742
31,0.941155195236206,13.915119171142578,0.953197717666626,13.732142448425293
32,0.9433119297027588,13.584300994873047,0.9468023777008057,13.403656959533691
33,0.948241114616394,13.25133228302002,0.9520348906517029,13.079471588134766
34,0.9456225037574768,12.93564510345459,0.963081419467926,12.777850151062012
35,0.9475225806236267,12.624101638793945,0.9651163816452026,12.472901344299316
36,0.9487034678459167,12.322198867797852,0.9616279602050781,12.16457748413086
37,0.9467522501945496,12.031729698181152,0.9412791132926941,11.877811431884766
38,0.9472144842147827,11.741325378417969,0.9648256301879883,11.598099708557129
39,0.9467521905899048,11.462806701660156,0.9500000476837158,11.314208984375
40,0.9498332142829895,11.181904792785645,0.9473837018013,11.039477348327637
41,0.9513223171234131,10.913469314575195,0.9590116739273071,10.78084659576416
42,0.9544031620025635,10.649971961975098,0.9601744413375854,10.523476600646973
43,0.9543517231941223,10.39380168914795,0.9590116739273071,10.27409839630127
44,0.9516816139221191,10.144235610961914,0.9456396698951721,10.025741577148438
45,0.9522976279258728,9.90495491027832,0.9473837614059448,9.793052673339844
46,0.9516304731369019,9.666949272155762,0.9523255825042725,9.549991607666016
47,0.9531194567680359,9.435524940490723,0.9622094035148621,9.322099685668945
48,0.9539410471916199,9.210307121276855,0.9380815029144287,9.108955383300781
49,0.9515275359153748,8.993902206420898,0.9540697932243347,8.876625061035156
50,0.9519385099411011,8.778485298156738,0.9610464572906494,8.685039520263672
51,0.9527599215507507,8.566615104675293,0.9625000357627869,8.464564323425293
52,0.9531707763671875,8.361083984375,0.9677326083183289,8.258166313171387
53,0.953170895576477,8.161608695983887,0.9680232405662537,8.090790748596191
54,0.9507061243057251,7.97083044052124,0.9517442584037781,7.871178150177002
55,0.9513736367225647,7.778886318206787,0.9668605923652649,7.688377857208252
56,0.9535814523696899,7.5936102867126465,0.9633721709251404,7.496841907501221
57,0.9448010325431824,7.428397178649902,0.969186007976532,7.3740644454956055
58,0.9539409875869751,7.234377384185791,0.9473837018013,7.14646577835083
59,0.9527599811553955,7.063416957855225,0.9703489542007446,6.983299732208252
60,0.955173134803772,6.889447212219238,0.9674419164657593,6.814364910125732
61,0.9570732116699219,6.724781036376953,0.9630815386772156,6.646015167236328
62,0.9529139399528503,6.569779872894287,0.9709302186965942,6.512945652008057
63,0.9552760720252991,6.408874988555908,0.9639534950256348,6.333376884460449
64,0.9522976875305176,6.263375759124756,0.9537791013717651,6.181221961975098
65,0.9576380252838135,6.10618782043457,0.9604650735855103,6.033328533172607
66,0.9530165791511536,5.969654560089111,0.9616280198097229,5.893265724182129
67,0.9548138976097107,5.824711322784424,0.9494187235832214,5.751740455627441
68,0.9545571208000183,5.684868812561035,0.9656977653503418,5.628819465637207
69,0.9568678140640259,5.547325611114502,0.9639536142349243,5.491238117218018
70,0.9564056992530823,5.415572166442871,0.9581395387649536,5.362793445587158
71,0.9555841684341431,5.287420749664307,0.9590116739273071,5.225929260253906
72,0.9534274935722351,5.167153835296631,0.9613372683525085,5.1086273193359375
73,0.9548652768135071,5.043178558349609,0.9549418687820435,4.9868974685668945
74,0.9536328911781311,4.926719665527344,0.9601744413375854,4.863011837005615
75,0.9558406472206116,4.804477691650391,0.9529070258140564,4.746521949768066
76,0.9526572227478027,4.697500705718994,0.9476743936538696,4.642209529876709
77,0.9566625356674194,4.580092906951904,0.9656977653503418,4.530302047729492
78,0.9559435844421387,4.471660614013672,0.9450582265853882,4.421130180358887
79,0.9569704532623291,4.3630781173706055,0.9642443060874939,4.317512035369873
80,0.9563031196594238,4.261901378631592,0.9619185924530029,4.211817741394043
81,0.9574325084686279,4.161814212799072,0.96366286277771,4.110223293304443
82,0.9564054608345032,4.063126087188721,0.9616279602050781,4.01414680480957
83,0.9565083980560303,3.968754529953003,0.9558140635490417,3.9217689037323
84,0.9569190740585327,3.8728628158569336,0.9622092843055725,3.8285956382751465
85,0.9561491012573242,3.783090829849243,0.9511628150939941,3.7409801483154297
86,0.9555329084396362,3.695268154144287,0.958430290222168,3.654219150543213
87,0.9578434228897095,3.6061086654663086,0.9424418807029724,3.5723726749420166
88,0.9563028812408447,3.5205626487731934,0.96366286277771,3.480616807937622
89,0.9575353860855103,3.436673641204834,0.9610465168952942,3.39870548248291
90,0.9564054608345032,3.3621022701263428,0.9613372683525085,3.3170950412750244
91,0.9551732540130615,3.2785489559173584,0.9508721232414246,3.2559452056884766
92,0.9557381868362427,3.205934524536133,0.951453447341919,3.1645007133483887
93,0.9566109776496887,3.1280925273895264,0.9587209820747375,3.0933234691619873
94,0.9572786688804626,3.052762031555176,0.9598838686943054,3.017155408859253
95,0.9573298096656799,2.982072114944458,0.9622094035148621,2.9499640464782715
96,0.956508457660675,2.912749767303467,0.9566861391067505,2.876831293106079
97,0.9560976028442383,2.8440616130828857,0.9575582146644592,2.809377670288086
98,0.9557380080223083,2.777196168899536,0.9651163816452026,2.7519311904907227
99,0.9560462236404419,2.7118709087371826,0.9651163816452026,2.689352035522461
100,0.9574839472770691,2.6497249603271484,0.9648256301879883,2.6232762336730957
101,0.957638144493103,2.593754768371582,0.9264534115791321,2.5920557975769043
102,0.9563544392585754,2.5276095867156982,0.9563953280448914,2.4975533485412598
103,0.9570730924606323,2.4704856872558594,0.9610466361045837,2.437589168548584
104,0.9569190144538879,2.410848617553711,0.9633721709251404,2.3858988285064697
105,0.9565083384513855,2.3582136631011963,0.9625000953674316,2.3272953033447266
106,0.9579975008964539,2.2987258434295654,0.9639536142349243,2.278432607650757
107,0.9574840068817139,2.2452197074890137,0.963081419467926,2.219513416290283
108,0.9563542604446411,2.1966440677642822,0.9619186520576477,2.167353868484497
109,0.9521949887275696,2.1530659198760986,0.962790846824646,2.116180658340454
110,0.9564056396484375,2.0941011905670166,0.9697674512863159,2.0864336490631104
111,0.9583569765090942,2.0436506271362305,0.9616279602050781,2.022953748703003
112,0.9566109776496887,2.0005290508270264,0.968313992023468,1.989641547203064
113,0.9572786092758179,1.9531923532485962,0.9671512842178345,1.9409557580947876
114,0.9581002593040466,1.9069716930389404,0.9595930576324463,1.8901951313018799
115,0.9508087038993835,1.8770928382873535,0.966279149055481,1.8777011632919312
116,0.9568676352500916,1.821549892425537,0.9514535665512085,1.8041878938674927
117,0.9578434824943542,1.7791845798492432,0.9572674632072449,1.760761022567749
118,0.9585108160972595,1.7366859912872314,0.9625000953674316,1.7211493253707886
119,0.9579461216926575,1.697264552116394,0.9633720517158508,1.682342290878296
120,0.9571760296821594,1.6594302654266357,0.9625000953674316,1.6470592021942139
121,0.9591271281242371,1.6185814142227173,0.9613372683525085,1.6043193340301514
122,0.9577407836914062,1.5833348035812378,0.9668604731559753,1.5718954801559448
123,0.9563542008399963,1.5498932600021362,0.9581395387649536,1.5365002155303955
124,0.9570731520652771,1.5144597291946411,0.9392442107200623,1.5154560804367065
125,0.9578947424888611,1.4788966178894043,0.9610466361045837,1.463414192199707
126,0.9572269916534424,1.4456337690353394,0.9616279602050781,1.4315283298492432
127,0.9574840068817139,1.4125040769577026,0.9619186520576477,1.3962072134017944
128,0.9582027792930603,1.379106044769287,0.9625000953674316,1.3677033185958862
129,0.9574839472770691,1.3496160507202148,0.965697705745697,1.3382395505905151
130,0.9591782093048096,1.3162142038345337,0.9633721709251404,1.306724190711975
131,0.9588704109191895,1.2868605852127075,0.9607558846473694,1.275977611541748
132,0.9587162733078003,1.2582839727401733,0.96366286277771,1.2538151741027832
133,0.9556352496147156,1.2338461875915527,0.955232560634613,1.2251266241073608
134,0.9586649537086487,1.2034721374511719,0.9590116739273071,1.1896731853485107
135,0.9558408856391907,1.1834207773208618,0.957848846912384,1.1627074480056763
136,0.9579973220825195,1.151619791984558,0.9500000476837158,1.148085594177246
137,0.9584595561027527,1.1237144470214844,0.9651163816452026,1.108904242515564
138,0.9570218324661255,1.1038298606872559,0.9668604731559753,1.0905520915985107
139,0.9595379829406738,1.0742039680480957,0.9619186520576477,1.0656168460845947
140,0.957124650478363,1.0547329187393188,0.9581395387649536,1.0439932346343994
141,0.9573299884796143,1.0291799306869507,0.9616278409957886,1.0182347297668457
142,0.9598459601402283,1.0041615962982178,0.9598837494850159,1.0019134283065796
143,0.9592298269271851,0.9811264276504517,0.962790846824646,0.9747359752655029
144,0.957432746887207,0.9611825346946716,0.9645349979400635,0.9527090787887573
145,0.9573810696601868,0.9424847364425659,0.9563953280448914,0.9321222305297852
146,0.9586136937141418,0.9183092713356018,0.9604650735855103,0.9096668362617493
147,0.9589731097221375,0.8994991183280945,0.9549418687820435,0.8941628932952881
148,0.9563030004501343,0.8844788670539856,0.9654070734977722,0.873661994934082
149,0.9555840492248535,0.8671788573265076,0.9526163935661316,0.8546913266181946
150,0.9579461812973022,0.8470235466957092,0.919767439365387,0.8783981204032898
151,0.9532222747802734,0.8319413661956787,0.963081419467926,0.8123518228530884
152,0.9591783285140991,0.8052467703819275,0.9633721709251404,0.7964821457862854
153,0.9591271281242371,0.7891489863395691,0.9505813717842102,0.7894855737686157
154,0.9581001996994019,0.7713938355445862,0.9619185924530029,0.762116014957428
155,0.9584595561027527,0.7567023634910583,0.945348858833313,0.7626327872276306
156,0.9577919840812683,0.7409526705741882,0.9590116739273071,0.7349143624305725
157,0.9589218497276306,0.7206717729568481,0.9578489065170288,0.715155839920044
158,0.9574838876724243,0.7085541486740112,0.9604651927947998,0.7012559771537781
159,0.9582028388977051,0.6944162845611572,0.9619186520576477,0.6860104203224182
160,0.9575866460800171,0.6811236143112183,0.9616279602050781,0.6725311875343323
161,0.9605136513710022,0.6612037420272827,0.9639534950256348,0.658109724521637
162,0.9604620933532715,0.6475913524627686,0.9677327275276184,0.660839855670929
163,0.9595378637313843,0.6341975331306458,0.9613372683525085,0.6294152736663818
164,0.9591785073280334,0.6210668683052063,0.9633721709251404,0.6159620881080627
165,0.9597947001457214,0.6070013642311096,0.9619186520576477,0.6026169657707214
166,0.9588190317153931,0.5958938598632812,0.9654070734977722,0.5969032049179077
167,0.9596405029296875,0.5824031233787537,0.968313992023468,0.5904338955879211
168,0.959435224533081,0.5725219249725342,0.9636628031730652,0.5677419900894165
169,0.958202600479126,0.5616564750671387,0.9593024253845215,0.5572137832641602
170,0.958562433719635,0.5496616959571838,0.9630815386772156,0.5460705757141113
171,0.9585623145103455,0.5378828644752502,0.9613373279571533,0.5333463549613953
172,0.9575867056846619,0.5306304097175598,0.9633721709251404,0.5283350944519043
173,0.9587676525115967,0.515868604183197,0.9601743817329407,0.5127211809158325
174,0.9596405029296875,0.5049834847450256,0.9668604731559753,0.516471266746521
175,0.9597945809364319,0.4939596354961395,0.9633721709251404,0.4939046800136566
176,0.9594865441322327,0.48512330651283264,0.9604651927947998,0.4840494692325592
177,0.9573299288749695,0.47707632184028625,0.9549418687820435,0.47858256101608276
178,0.9587164521217346,0.46707552671432495,0.9502907395362854,0.47064247727394104
179,0.9584081768989563,0.45743194222450256,0.9616279602050781,0.45479702949523926
180,0.9590243101119995,0.4484292268753052,0.9633722305297852,0.4478079378604889
181,0.9589217901229858,0.43896597623825073,0.963081419467926,0.4416913390159607
182,0.9594865441322327,0.4303138554096222,0.9639536142349243,0.4277215003967285
183,0.9595377445220947,0.42111736536026,0.9622094035148621,0.41986820101737976
184,0.9602567553520203,0.41176390647888184,0.9630815386772156,0.4162918031215668
185,0.9579975008964539,0.40949705243110657,0.9619185924530029,0.4102063775062561
186,0.9587676525115967,0.39816713333129883,0.9668605923652649,0.4114731252193451
187,0.9587677121162415,0.39119628071784973,0.9607558846473694,0.3885089159011841
188,0.9600517153739929,0.38114288449287415,0.9534884691238403,0.38859957456588745
189,0.9585107564926147,0.37778347730636597,0.963081419467926,0.3742417097091675
190,0.9597944617271423,0.36681175231933594,0.9651163816452026,0.37577319145202637
191,0.9600514769554138,0.36042577028274536,0.9572674632072449,0.3649373948574066
192,0.9594350457191467,0.35289326310157776,0.9587209820747375,0.35685402154922485
193,0.9588190317153931,0.3485211133956909,0.9654070734977722,0.3578430116176605
194,0.9590243101119995,0.34206423163414,0.9645349979400635,0.35031262040138245
195,0.9560976028442383,0.3412935435771942,0.9563953280448914,0.3358076214790344
196,0.9602054953575134,0.3292970061302185,0.9619187712669373,0.3260047435760498
197,0.9592810273170471,0.3237653076648712,0.962790846824646,0.32272985577583313
198,0.9596405625343323,0.3176645338535309,0.9616279602050781,0.3146594762802124
199,0.9551730751991272,0.32019296288490295,0.9654070734977722,0.3213021159172058
200,0.9559435844421387,0.3138510286808014,0.9654070734977722,0.31426671147346497
201,0.9594865441322327,0.3013032376766205,0.953197717666626,0.3094673454761505
202,0.9580487012863159,0.2980066239833832,0.9648255705833435,0.30097827315330505
203,0.9600000381469727,0.290851354598999,0.961337149143219,0.28971078991889954
204,0.9593839645385742,0.28697288036346436,0.9659883975982666,0.29414719343185425
205,0.9594865441322327,0.27961277961730957,0.963081419467926,0.2826175093650818
206,0.9601539373397827,0.27534520626068115,0.9627907276153564,0.2764343023300171
207,0.9588703513145447,0.2721056342124939,0.9619186520576477,0.2740693688392639
208,0.9572272300720215,0.2724185883998871,0.96366286277771,0.2710895836353302
209,0.9588190913200378,0.2639158070087433,0.9607558250427246,0.26576852798461914
210,0.959435224533081,0.25749471783638,0.9581395387649536,0.2589603364467621
211,0.9600000977516174,0.25218135118484497,0.9593023061752319,0.2560315430164337
212,0.9602052569389343,0.24794265627861023,0.9630815386772156,0.2589885890483856
213,0.9596405029296875,0.24457791447639465,0.9563953280448914,0.2516862154006958
214,0.9591783881187439,0.24166569113731384,0.9648256301879883,0.23976890742778778
215,0.9596405625343323,0.23860885202884674,0.957848846912384,0.2365012913942337
216,0.9589729309082031,0.23347684741020203,0.9630813598632812,0.23594698309898376
217,0.9600514769554138,0.22915580868721008,0.9651163816452026,0.23567266762256622
218,0.9588190317153931,0.22861099243164062,0.9598837494850159,0.22563229501247406
219,0.9588704109191895,0.2223956286907196,0.9674419164657593,0.236214742064476
220,0.9596918225288391,0.22040697932243347,0.9625000357627869,0.2203586995601654
221,0.9599999785423279,0.21378405392169952,0.9625000953674316,0.21863052248954773
222,0.9598973393440247,0.21166780591011047,0.9627907276153564,0.21194639801979065
223,0.9601027369499207,0.20769913494586945,0.9659883975982666,0.21744710206985474
224,0.9588188529014587,0.20800013840198517,0.963081419467926,0.2074996531009674
225,0.9602566361427307,0.2006968855857849,0.9686046838760376,0.22552838921546936
226,0.9595378637313843,0.20043990015983582,0.9610465168952942,0.20312553644180298
227,0.9601539969444275,0.195925772190094,0.9607558846473694,0.1982734352350235
228,0.9613864421844482,0.19198961555957794,0.9659883379936218,0.2178030014038086
229,0.959640622138977,0.1921529769897461,0.9627907276153564,0.18998079001903534
230,0.9599999189376831,0.18780680000782013,0.9627907276153564,0.1921660155057907
231,0.9602569937705994,0.18437954783439636,0.9651162624359131,0.19611480832099915
232,0.9590243101119995,0.18538127839565277,0.9595930576324463,0.18436768651008606
233,0.9596406817436218,0.1813865602016449,0.9636628031730652,0.18584176898002625
234,0.9573299288749695,0.18418380618095398,0.9418604373931885,0.19500891864299774
235,0.9596404433250427,0.17864283919334412,0.9619185924530029,0.18890000879764557
236,0.9616430997848511,0.17234213650226593,0.9636628031730652,0.17737692594528198
237,0.9596919417381287,0.17329952120780945,0.9575580954551697,0.17678067088127136
238,0.9601026773452759,0.1697750985622406,0.9627907276153564,0.17321614921092987
239,0.9608727693557739,0.16975714266300201,0.941860556602478,0.1913388967514038
240,0.9556868672370911,0.1717900186777115,0.9665698409080505,0.17648173868656158
241,0.959332287311554,0.16491612792015076,0.9598837494850159,0.1734013557434082
242,0.9604107737541199,0.16134753823280334,0.9671511650085449,0.17642875015735626
243,0.9576380252838135,0.16244195401668549,0.9645349979400635,0.1649855077266693
244,0.9598973989486694,0.15829972922801971,0.9587209820747375,0.15707243978977203
245,0.9600514769554138,0.15497292578220367,0.9636628031730652,0.15694931149482727
246,0.9607187509536743,0.15203897655010223,0.9630815386772156,0.15757113695144653
247,0.9602568745613098,0.15127192437648773,0.9654070138931274,0.15553003549575806
248,0.9606674313545227,0.14909407496452332,0.9566861391067505,0.15441131591796875
249,0.9556353688240051,0.15675635635852814,0.9680233597755432,0.17413640022277832
250,0.9598973989486694,0.14759382605552673,0.9607558250427246,0.15136569738388062
251,0.9597947597503662,0.1444614678621292,0.96366286277771,0.1521691232919693
252,0.9602053761482239,0.14547774195671082,0.96366286277771,0.14204733073711395
253,0.9602054953575134,0.14170275628566742,0.9654070138931274,0.1458994299173355
254,0.9610269665718079,0.13925756514072418,0.9604650735855103,0.13855180144309998
255,0.9606160521507263,0.13686315715312958,0.9633721709251404,0.1400851309299469
256,0.9598459601402283,0.13919112086296082,0.9601744413375854,0.1355888396501541
257,0.9605649709701538,0.13372550904750824,0.9633721709251404,0.13880158960819244
258,0.9587162137031555,0.13583937287330627,0.9642443060874939,0.1432705521583557
259,0.9595893621444702,0.13385872542858124,0.9543604850769043,0.1402766853570938
260,0.960564911365509,0.1320095658302307,0.9587209820747375,0.1366199404001236
261,0.9589215517044067,0.1337612271308899,0.9625000953674316,0.12961091101169586
262,0.9525544047355652,0.14835616946220398,0.9598837494850159,0.13507266342639923
263,0.9607189297676086,0.1280098706483841,0.9636628031730652,0.1260586827993393
264,0.9610782861709595,0.12601296603679657,0.9610466361045837,0.12698735296726227
265,0.9577921628952026,0.12982651591300964,0.970058262348175,0.14654627442359924
266,0.9606676697731018,0.12349826842546463,0.9639534950256348,0.12849314510822296
267,0.9611296653747559,0.1224176362156868,0.9633721709251404,0.126046285033226
268,0.9618998169898987,0.12040262669324875,0.9639534950256348,0.12513718008995056
269,0.9610782861709595,0.11964018642902374,0.9587209820747375,0.1239866316318512
270,0.9612836837768555,0.11984314769506454,0.9593024253845215,0.12169266492128372
271,0.9612323045730591,0.11710567772388458,0.9593024253845215,0.12173426151275635
272,0.9606674313545227,0.11889369785785675,0.9639534950256348,0.12307067960500717
273,0.9623618721961975,0.11472524702548981,0.9665698409080505,0.11986201256513596
274,0.9612321853637695,0.11414670944213867,0.9680233597755432,0.11916952580213547
275,0.9617971181869507,0.11494454741477966,0.9561046361923218,0.12069457769393921
276,0.9613350629806519,0.11209184676408768,0.9645349383354187,0.11416173726320267
277,0.9596920609474182,0.11376931518316269,0.9633721709251404,0.11825980991125107
278,0.9616430997848511,0.11059638112783432,0.9604651927947998,0.11689002066850662
279,0.9612323045730591,0.10834241658449173,0.9622094035148621,0.11353754252195358
280,0.9612323045730591,0.10898950695991516,0.9648255705833435,0.11158747225999832
281,0.9581514596939087,0.11468589305877686,0.9566860795021057,0.11556058377027512
282,0.9621565937995911,0.10656964778900146,0.9633720517158508,0.11000991612672806
283,0.9609242677688599,0.1065620481967926,0.9625000357627869,0.11137662827968597
284,0.9620024561882019,0.10499607026576996,0.9648255705833435,0.10969327390193939
285,0.9604621529579163,0.1062610000371933,0.9651162624359131,0.11348170042037964
286,0.9620025157928467,0.10377144068479538,0.9651162624359131,0.11199796199798584
287,0.9615919589996338,0.10326216369867325,0.9662790298461914,0.11676138639450073
288,0.9603594541549683,0.10485365241765976,0.9625000357627869,0.10341769456863403
289,0.9616431593894958,0.10229230672121048,0.9651162624359131,0.10612202435731888
290,0.9617971181869507,0.10293414443731308,0.9476743936538696,0.1227247342467308
291,0.9583054780960083,0.10877745598554611,0.9683140516281128,0.11200603097677231
292,0.9614376425743103,0.10093111544847488,0.9555233120918274,0.11268293112516403
293,0.9598973393440247,0.10156616568565369,0.9674419164657593,0.10850286483764648
294,0.9625672698020935,0.09835080057382584,0.9654070138931274,0.10497748851776123
295,0.9597944617271423,0.10206861793994904,0.9659883975982666,0.11839169263839722
296,0.961386501789093,0.09935061633586884,0.9633720517158508,0.10029170662164688
297,0.9617972373962402,0.096529521048069,0.9546512365341187,0.10310626775026321
298,0.9604105353355408,0.09736043959856033,0.9680233597755432,0.09855933487415314
299,0.9616430401802063,0.0995233803987503,0.9622092843055725,0.10087855160236359
300,0.9608216285705566,0.0965893566608429,0.9677326083183289,0.10210929065942764
301,0.9607188701629639,0.09688784927129745,0.9642442464828491,0.09633657336235046
302,0.9618484973907471,0.09444825351238251,0.9593024253845215,0.09881773591041565
303,0.9628241658210754,0.09229575842618942,0.9636628031730652,0.09659529477357864
304,0.9623620510101318,0.09428699314594269,0.9523255825042725,0.1075582355260849
305,0.961283802986145,0.09595194458961487,0.9572674632072449,0.10005426406860352
306,0.9611810445785522,0.09312478452920914,0.9688953757286072,0.10775382816791534
307,0.9616430401802063,0.09304080903530121,0.9627906680107117,0.09650546312332153
308,0.9622591137886047,0.09221980720758438,0.9648255705833435,0.0952690914273262
309,0.9623620510101318,0.09090806543827057,0.9656976461410522,0.09447252005338669
310,0.9617459177970886,0.09225353598594666,0.9668604731559753,0.09719682484865189
311,0.9634402990341187,0.08786451816558838,0.9674419164657593,0.09386471658945084
312,0.9605134129524231,0.09285076707601547,0.9659883975982666,0.09257680922746658
313,0.963132381439209,0.08821561932563782,0.9627906680107117,0.08876422047615051
314,0.963080883026123,0.08791469782590866,0.9662790298461914,0.08938413113355637
315,0.9636972546577454,0.08656296133995056,0.9639534950256348,0.09363056719303131
316,0.9617971181869507,0.08910522609949112,0.9642442464828491,0.09089141339063644
317,0.962978184223175,0.08700548112392426,0.9642442464828491,0.08747059851884842
318,0.9627728462219238,0.08627931028604507,0.9654070138931274,0.09260112792253494
319,0.9623107314109802,0.08717670291662216,0.9625000357627869,0.08798075467348099
320,0.963286280632019,0.08565051108598709,0.9700581431388855,0.09837336093187332
321,0.9629268050193787,0.08559265732765198,0.9639536142349243,0.09102637320756912
322,0.9635431170463562,0.08471608906984329,0.9671511650085449,0.0904439389705658
323,0.9636458158493042,0.08504033833742142,0.9645349383354187,0.08570218831300735
324,0.9622080326080322,0.08684797585010529,0.9622094035148621,0.08804231137037277
325,0.9635941982269287,0.0837303102016449,0.9654070138931274,0.08202705532312393
326,0.9619511961936951,0.08503329753875732,0.9668604731559753,0.0870119109749794
327,0.9647752642631531,0.08178945630788803,0.9674419164657593,0.08545172214508057
328,0.9636456966400146,0.08158217370510101,0.9680233597755432,0.08487263321876526
329,0.962670087814331,0.08586329966783524,0.965697705745697,0.0837618038058281
330,0.9637483358383179,0.0823773741722107,0.9627907276153564,0.08569920063018799
331,0.963953971862793,0.08077844232320786,0.9680233597755432,0.08210289478302002
332,0.9606676697731018,0.0872897133231163,0.9671511650085449,0.09362770617008209
333,0.9629268050193787,0.08341123163700104,0.970058262348175,0.09131886810064316
334,0.9628240466117859,0.08176357299089432,0.9706395268440247,0.09237895160913467
335,0.9639537334442139,0.08000697195529938,0.9427326321601868,0.11562418192625046
336,0.962772786617279,0.08151288330554962,0.970058262348175,0.09180456399917603
337,0.9644159078598022,0.07844936102628708,0.9654070138931274,0.08186599612236023
338,0.9619511961936951,0.08347322791814804,0.9671511650085449,0.08834937959909439
339,0.9643132090568542,0.07942886650562286,0.9706395864486694,0.09959737956523895
340,0.9654427766799927,0.07734140753746033,0.9709302186965942,0.09430758655071259
341,0.9655457139015198,0.07964158058166504,0.9473837614059448,0.10551430284976959
342,0.9615917205810547,0.08319442719221115,0.9674419164657593,0.08580172806978226
343,0.965083658695221,0.07736499607563019,0.9671511650085449,0.07889415323734283
344,0.9618998765945435,0.08374662697315216,0.9651162624359131,0.08651430904865265
345,0.9644671678543091,0.0764596238732338,0.9688953757286072,0.08375812321901321
346,0.9639537334442139,0.08380427211523056,0.949709415435791,0.10244569927453995
347,0.9581001400947571,0.08976856619119644,0.9680233597755432,0.09987124800682068
348,0.9648266434669495,0.07683292776346207,0.9674419164657593,0.08150200545787811
349,0.9652374982833862,0.07667354494333267,0.9674419164657593,0.08539452403783798
350,0.9649292826652527,0.07647659629583359,0.9598837494850159,0.08410165458917618
351,0.9632861614227295,0.07811214029788971,0.9683140516281128,0.08408813923597336
352,0.9647241234779358,0.07598651945590973,0.9700581431388855,0.07851999253034592
353,0.9643645882606506,0.0755966380238533,0.966279149055481,0.0919327586889267
354,0.9618998169898987,0.08677021414041519,0.9694768190383911,0.0828709825873375
355,0.9642106294631958,0.07651625573635101,0.9627907276153564,0.08192260563373566
356,0.966059148311615,0.07543571293354034,0.9619186520576477,0.08383819460868835
357,0.9641591310501099,0.07777202874422073,0.9700581431388855,0.0807620957493782
358,0.9662643074989319,0.07366197556257248,0.9668604135513306,0.07600253075361252
359,0.9651861190795898,0.07641590386629105,0.958430290222168,0.08889533579349518
360,0.964005172252655,0.075711689889431,0.9694768190383911,0.08428964763879776
361,0.9652886390686035,0.0750049576163292,0.9694767594337463,0.08240698277950287
362,0.965442955493927,0.0742497444152832,0.9674417972564697,0.07572167366743088
363,0.9644675254821777,0.07513265311717987,0.9709302186965942,0.07777251303195953
364,0.9658536911010742,0.07315806299448013,0.96366286277771,0.07831814140081406
365,0.9657509326934814,0.07242138683795929,0.9688953757286072,0.07515227794647217
366,0.9648780226707458,0.07380665093660355,0.9720931053161621,0.09046420454978943
367,0.9660079479217529,0.07350333780050278,0.9625000357627869,0.08108581602573395
368,0.9634402990341187,0.07670298963785172,0.9729651212692261,0.09085865318775177
369,0.964929461479187,0.07544942945241928,0.9686046838760376,0.07853645086288452
370,0.9644160270690918,0.07653573155403137,0.9671511650085449,0.08258035033941269
371,0.966315746307373,0.07273627817630768,0.9709302186965942,0.09375850856304169
372,0.9675995111465454,0.07132608443498611,0.9659883379936218,0.07798409461975098
373,0.9645187854766846,0.07247346639633179,0.968313992023468,0.08145738393068314
374,0.9655454754829407,0.07393372803926468,0.9691861271858215,0.07730498164892197
375,0.9666751027107239,0.07070188969373703,0.968313992023468,0.07880845665931702
376,0.965442955493927,0.074257031083107,0.9680232405662537,0.07504256069660187
377,0.9648265838623047,0.07371116429567337,0.9706395864486694,0.07727263867855072
378,0.966315746307373,0.07136127352714539,0.9723837971687317,0.08375230431556702
379,0.9655968546867371,0.07258977741003036,0.96366286277771,0.08040962368249893
380,0.9645186066627502,0.07615640759468079,0.9654070734977722,0.07430116832256317
381,0.9661617279052734,0.07088121026754379,0.9703488945960999,0.07014773786067963
382,0.9669321179389954,0.07032757997512817,0.9674419164657593,0.07130808383226395
383,0.9660077095031738,0.0718526616692543,0.9697675704956055,0.07780155539512634
384,0.9677021503448486,0.07056303322315216,0.966279149055481,0.07676368951797485
385,0.9661104679107666,0.07205554097890854,0.9645349383354187,0.0791010856628418
386,0.9661617875099182,0.06952283531427383,0.9712209701538086,0.08235115557909012
387,0.9650319814682007,0.07475532591342926,0.9688953757286072,0.07306864857673645
388,0.9671372175216675,0.06972528249025345,0.9718023538589478,0.07411132752895355
389,0.9673939943313599,0.06788944453001022,0.9715116620063782,0.0734163299202919
390,0.9659562706947327,0.07143151015043259,0.9688953757286072,0.0716797262430191
391,0.9680101275444031,0.06882738322019577,0.9674419164657593,0.07125774025917053
392,0.9673940539360046,0.06853129714727402,0.9686046838760376,0.07190962880849838
393,0.966675341129303,0.07035472989082336,0.9662789702415466,0.07902461290359497
394,0.9673427939414978,0.07121232151985168,0.9633720517158508,0.07614471763372421
395,0.9681642651557922,0.06733302772045135,0.9750000834465027,0.08803858608007431
396,0.9678561687469482,0.06787502020597458,0.9686046838760376,0.07301409542560577
397,0.9667778015136719,0.07009806483983994,0.9720931053161621,0.07323463261127472
398,0.9672914743423462,0.06859571486711502,0.9741279482841492,0.08410632610321045
399,0.9656996726989746,0.07181492447853088,0.9697674512863159,0.06966798007488251
400,0.966007649898529,0.07031556963920593,0.9720931053161621,0.07277752459049225
401,0.9680617451667786,0.06775244325399399,0.9729651212692261,0.07255882769823074
402,0.9670857787132263,0.06883008778095245,0.9688953757286072,0.07173760235309601
403,0.9671372175216675,0.06847336888313293,0.9720929861068726,0.07097019255161285
404,0.9696022272109985,0.0657379999756813,0.9718023538589478,0.07009602338075638
405,0.9669832587242126,0.06884098052978516,0.9755813479423523,0.08210893720388412
406,0.968215823173523,0.06745192408561707,0.9726744294166565,0.07589137554168701
407,0.969550609588623,0.06617003679275513,0.970058262348175,0.0683813989162445
408,0.9679074287414551,0.06911546736955643,0.9709301590919495,0.07492010295391083
409,0.9684721827507019,0.06760802865028381,0.9729650616645813,0.07095006108283997
410,0.9674453735351562,0.07103024423122406,0.9686046838760376,0.07333207130432129
411,0.9669833183288574,0.07272417098283768,0.9697674512863159,0.07110156863927841
412,0.9683183431625366,0.06788226217031479,0.9700580835342407,0.06884504854679108
413,0.9685237407684326,0.06717798113822937,0.9706395864486694,0.06844601780176163
414,0.968318521976471,0.06673832982778549,0.9694766402244568,0.07096744328737259
415,0.967856228351593,0.06892304867506027,0.9706395268440247,0.07879872620105743
416,0.9680615663528442,0.0692138522863388,0.9694768190383911,0.06940988451242447
417,0.969139814376831,0.066400445997715,0.9712209701538086,0.0726948231458664
418,0.967958927154541,0.06722819805145264,0.974128007888794,0.08337567746639252
419,0.968575119972229,0.06865551322698593,0.9674417972564697,0.07086939364671707
420,0.9684209823608398,0.0661776065826416,0.9741279482841492,0.07221866399049759
421,0.9696534276008606,0.06433042883872986,0.9735465049743652,0.06849465519189835
422,0.968421220779419,0.06519466638565063,0.9706395864486694,0.0683572068810463
423,0.968985915184021,0.06651060283184052,0.971220850944519,0.07005302608013153
424,0.969756007194519,0.06287775933742523,0.9718023538589478,0.06952553242444992
425,0.9693964123725891,0.0648191049695015,0.9741279482841492,0.07220939546823502
426,0.970218300819397,0.06483019143342972,0.9726744294166565,0.06750615686178207
427,0.969088613986969,0.06660386919975281,0.9723837375640869,0.06790069490671158
428,0.9705776572227478,0.06368446350097656,0.9700580835342407,0.06683874875307083
429,0.9699616432189941,0.06378588080406189,0.9712209701538086,0.0688495934009552
430,0.9701155424118042,0.0636804848909378,0.9712209701538086,0.06740837544202805
431,0.9692425727844238,0.06432303786277771,0.9720931053161621,0.07188880443572998
432,0.9698588848114014,0.06551763415336609,0.9732557535171509,0.06781056523323059
433,0.9681643843650818,0.06829982250928879,0.9712210297584534,0.06679050624370575
434,0.9689346551895142,0.06909719109535217,0.9726744294166565,0.06990867108106613
435,0.970012903213501,0.06325377523899078,0.9712209701538086,0.06713798642158508
436,0.9698075652122498,0.06305689364671707,0.97354656457901,0.0678999274969101
437,0.9699100852012634,0.06291966885328293,0.9755814075469971,0.07377517223358154
438,0.967958927154541,0.06878277659416199,0.97354656457901,0.07010042667388916
439,0.9691914319992065,0.06548617035150528,0.9744186401367188,0.07243648916482925
440,0.9696021676063538,0.0637589618563652,0.9706395268440247,0.06773142516613007
441,0.9704750776290894,0.06281185895204544,0.9706395268440247,0.06967246532440186
442,0.9686777591705322,0.06766975671052933,0.971802294254303,0.08966671675443649
443,0.9652886986732483,0.07648269087076187,0.9697674512863159,0.0757896900177002
444,0.9682155847549438,0.0677100345492363,0.9723837375640869,0.06997810304164886
445,0.9697560667991638,0.06532685458660126,0.9700580835342407,0.06731710582971573
446,0.9688831567764282,0.06604088097810745,0.9723836183547974,0.07295898348093033
447,0.9688830375671387,0.06530292332172394,0.9715116620063782,0.06840135157108307
448,0.970680296421051,0.06312794983386993,0.9744186401367188,0.06943270564079285
449,0.9696021676063538,0.06334900110960007,0.9744186401367188,0.07005766034126282
450,0.9699100255966187,0.06399457156658173,0.9706395268440247,0.06616725772619247
451,0.9704235196113586,0.06271536648273468,0.9744186401367188,0.06709861010313034
452,0.970218300819397,0.06408144533634186,0.972674548625946,0.07219549268484116
453,0.9711937308311462,0.0617249570786953,0.9706395268440247,0.07207819074392319
454,0.9699100852012634,0.06429152190685272,0.9755814075469971,0.07909877598285675
455,0.9702695608139038,0.0628562867641449,0.9712209701538086,0.07290022075176239
456,0.9706289172172546,0.0660896748304367,0.9715116620063782,0.06848914921283722
457,0.9701669812202454,0.06504672020673752,0.9749999642372131,0.06747844815254211
458,0.9713478088378906,0.06183520331978798,0.9715116620063782,0.06839987635612488
459,0.971347987651825,0.06103150174021721,0.9723837375640869,0.06746392697095871
460,0.9704750776290894,0.06424442678689957,0.9749999642372131,0.06618621200323105
461,0.9703723192214966,0.06261686235666275,0.9747092723846436,0.07059619575738907
462,0.9710910320281982,0.06157321482896805,0.9749999642372131,0.06617698818445206
463,0.9708344340324402,0.06213807314634323,0.9744185209274292,0.06814134865999222
464,0.9713478684425354,0.06241704896092415,0.9715116620063782,0.07411747425794601
465,0.9690884947776794,0.0652880147099495,0.9741279482841492,0.06735492497682571
466,0.9715020060539246,0.0613248236477375,0.97354656457901,0.06424848735332489
467,0.9684723615646362,0.06683672219514847,0.9738371968269348,0.06941012293100357
468,0.9711423516273499,0.0607646107673645,0.974128007888794,0.06906890869140625
469,0.9713990688323975,0.06208661198616028,0.9758720993995667,0.06889425963163376
470,0.9708343148231506,0.061483774334192276,0.9715116620063782,0.06504256278276443
471,0.970526397228241,0.06163619086146355,0.9709302186965942,0.07295427471399307
472,0.9719127416610718,0.060295168310403824,0.9761627316474915,0.0705035924911499
473,0.9715018272399902,0.06004917994141579,0.9720931053161621,0.07031282037496567
474,0.9725289344787598,0.059509359300136566,0.9758720993995667,0.06721963733434677
475,0.9701668620109558,0.06338939070701599,0.9758720397949219,0.07588596642017365
476,0.971553385257721,0.061191409826278687,0.9741279482841492,0.06457646191120148
477,0.9717072248458862,0.0632801204919815,0.9723837971687317,0.06360404193401337
478,0.9714507460594177,0.0605841688811779,0.974128007888794,0.06840071827173233
479,0.9710396528244019,0.06297630816698074,0.9744185209274292,0.0700601115822792
480,0.9707832336425781,0.06347667425870895,0.9758720993995667,0.09627560526132584
481,0.9723236560821533,0.05928165465593338,0.9741278290748596,0.06873784214258194
482,0.9701666831970215,0.0634588897228241,0.9764534831047058,0.08117332309484482
483,0.9696534872055054,0.06767761707305908,0.97383713722229,0.07751355320215225
484,0.9720152616500854,0.05886210501194,0.9741279482841492,0.07627163082361221
485,0.969550609588623,0.06788911670446396,0.9732558727264404,0.08044230192899704
486,0.9716046452522278,0.06072378158569336,0.9668604731559753,0.07566006481647491
487,0.9717073440551758,0.06219511106610298,0.966279149055481,0.07688918709754944
488,0.9715019464492798,0.061669766902923584,0.9729652404785156,0.06754110753536224
489,0.9716560244560242,0.05941460654139519,0.9758720993995667,0.0764305368065834
490,0.9727857708930969,0.06039877608418465,0.976162850856781,0.06629424542188644
491,0.9727342128753662,0.058801453560590744,0.9747092723846436,0.06584631651639938
492,0.9704235196113586,0.06271668523550034,0.9720929861068726,0.06821556389331818
493,0.9723748564720154,0.05971220135688782,0.9755814075469971,0.07256083935499191
494,0.9724262952804565,0.06158158928155899,0.9752907752990723,0.06571663171052933
495,0.973145067691803,0.058205001056194305,0.9761627316474915,0.0716191902756691
496,0.9722208380699158,0.06092682108283043,0.9764534831047058,0.06900889426469803
497,0.9720155000686646,0.0592506118118763,0.9738373160362244,0.06686297059059143
498,0.9716559052467346,0.06249719113111496,0.9627906680107117,0.08807148039340973
499,0.9701154232025146,0.06532516330480576,0.9755813479423523,0.07979876548051834
500,0.9708342552185059,0.061950426548719406,0.9752907752990723,0.06884787976741791
501,0.9719641208648682,0.059211526066064835,0.9732558727264404,0.07135040313005447
502,0.9725289344787598,0.059058088809251785,0.9729651212692261,0.064266137778759
503,0.9731451869010925,0.057759981602430344,0.9755813479423523,0.07208419591188431
504,0.9732991456985474,0.05697297677397728,0.9752907156944275,0.069294773042202
505,0.9720667600631714,0.059218745678663254,0.9779069423675537,0.08238726854324341
506,0.9731449484825134,0.05703596770763397,0.9761627316474915,0.06497702747583389
507,0.9737099409103394,0.0558517649769783,0.9767441749572754,0.06860475987195969
508,0.9733502268791199,0.05728701129555702,0.9770348072052002,0.07607675343751907
509,0.9735559225082397,0.05659531056880951,0.9758720397949219,0.06902094185352325
510,0.9732476472854614,0.05708339437842369,0.9773256182670593,0.06640409678220749
511,0.9735044836997986,0.0563318245112896,0.9761627316474915,0.0645323097705841
512,0.9725803136825562,0.05744706094264984,0.976162850856781,0.08028741925954819
513,0.9735046029090881,0.05655088275671005,0.9767441749572754,0.06830684840679169
514,0.9734532833099365,0.05656306445598602,0.9755815267562866,0.06799869984388351
515,0.9739153981208801,0.05675928294658661,0.9750000834465027,0.06305594742298126
516,0.9731449484825134,0.05715744197368622,0.9747093319892883,0.0636463463306427
517,0.9740694761276245,0.05553434044122696,0.9749999642372131,0.06304658949375153
518,0.9738638401031494,0.05680157616734505,0.9761627316474915,0.069648876786232
519,0.973915159702301,0.05624422803521156,0.9752907752990723,0.0624086894094944
520,0.9744285941123962,0.05598996579647064,0.9764534831047058,0.06999753415584564
521,0.9725802540779114,0.060209549963474274,0.9747093319892883,0.06725984811782837
522,0.974274754524231,0.05631420388817787,0.9770349264144897,0.06953645497560501
523,0.9729911684989929,0.056338030844926834,0.9770349264144897,0.07819373160600662
524,0.9735044240951538,0.057231102138757706,0.9784883856773376,0.0682821050286293
525,0.9740691781044006,0.0552673414349556,0.9773254990577698,0.06519225984811783
526,0.975147545337677,0.055159155279397964,0.9764534831047058,0.06512577831745148
527,0.973761260509491,0.05685846880078316,0.9755814075469971,0.0651298314332962
528,0.9738126397132874,0.05573081597685814,0.9752907156944275,0.06558398902416229
529,0.9732991456985474,0.05705698952078819,0.9770349264144897,0.06633678823709488
530,0.9739664196968079,0.05599042773246765,0.9747092723846436,0.06488463282585144
531,0.9739154577255249,0.05614018812775612,0.9779069423675537,0.06956667453050613
532,0.9736070036888123,0.056020744144916534,0.9732558727264404,0.06420821696519852
533,0.9736585021018982,0.05790826305747032,0.9758720397949219,0.06289656460285187
534,0.973966658115387,0.05586645379662514,0.9764534831047058,0.06295538693666458
535,0.9738125801086426,0.056617897003889084,0.9744186997413635,0.06394486129283905
536,0.9728882312774658,0.057740822434425354,0.964825451374054,0.08632822334766388
537,0.9721693992614746,0.06220457702875137,0.9738371968269348,0.06616778671741486
538,0.9735559225082397,0.05657883733510971,0.9758720397949219,0.06584326922893524
539,0.9735559225082397,0.056220389902591705,0.9764534831047058,0.0668468102812767
540,0.9738637208938599,0.05583108216524124,0.9761627316474915,0.06489260494709015
541,0.9740177392959595,0.05609225481748581,0.9749999642372131,0.06300476938486099
542,0.9708342552185059,0.061905354261398315,0.9773256182670593,0.0952785313129425
543,0.973607063293457,0.057052042335271835,0.9744185209274292,0.06500754505395889
544,0.9741719961166382,0.05555709823966026,0.9755813479423523,0.06409765034914017
545,0.9734018445014954,0.056490231305360794,0.9779070615768433,0.06870301812887192
546,0.9740692973136902,0.05661797896027565,0.9758720397949219,0.06303547322750092
547,0.9739152193069458,0.05486461892724037,0.9773256182670593,0.06505394726991653
548,0.973966658115387,0.055006273090839386,0.9773256182670593,0.07201818376779556
549,0.9731963872909546,0.05615460127592087,0.9761627316474915,0.062301792204380035
550,0.9746341109275818,0.05442732572555542,0.9761627316474915,0.06569869071245193
551,0.9745826125144958,0.05463244020938873,0.9773254990577698,0.06544423848390579
552,0.9743773341178894,0.054262202233076096,0.9761627316474915,0.06437775492668152
553,0.9736073017120361,0.055699560791254044,0.9767441749572754,0.06959749758243561
554,0.9745827913284302,0.05490350350737572,0.9761627316474915,0.06348201632499695
555,0.9731963276863098,0.05475989729166031,0.976162850856781,0.06480748951435089
556,0.9739154577255249,0.05531690642237663,0.9761627316474915,0.06806328147649765
557,0.974172055721283,0.05506815016269684,0.9770349264144897,0.0643615871667862
558,0.9744802713394165,0.055831875652074814,0.9764534831047058,0.06247655674815178
559,0.9742233753204346,0.05407105013728142,0.9781976938247681,0.06420589983463287
560,0.9743258953094482,0.05423184856772423,0.9781976938247681,0.06592266261577606
561,0.9747368693351746,0.05362971872091293,0.9781976938247681,0.06594839692115784
562,0.9737613201141357,0.055869780480861664,0.9755814075469971,0.06252331286668777
563,0.9755584001541138,0.0538187138736248,0.9770349264144897,0.06402648985385895
564,0.9741206169128418,0.05678245425224304,0.9773256182670593,0.06596873700618744
565,0.9738638997077942,0.05496075004339218,0.9773256182670593,0.06609445810317993
566,0.973555862903595,0.0561743825674057,0.9755813479423523,0.06190609186887741
567,0.9746343493461609,0.0553659088909626,0.971802294254303,0.0638236254453659
568,0.9738638997077942,0.05572088062763214,0.9749999642372131,0.06280876696109772
569,0.9753016233444214,0.05424986779689789,0.9770349264144897,0.06279807537794113
570,0.9742745161056519,0.05437349155545235,0.9781976938247681,0.06656210869550705
571,0.9736584424972534,0.054855503141880035,0.9752905964851379,0.06178657338023186
572,0.9738641977310181,0.05458671227097511,0.9779069423675537,0.06955554336309433
573,0.9750450849533081,0.05310986191034317,0.9776162505149841,0.06320714205503464
574,0.9739665389060974,0.05542626231908798,0.9761627316474915,0.06031639501452446
575,0.9747368097305298,0.05448276922106743,0.9755814075469971,0.06078244745731354
576,0.974685549736023,0.05393962562084198,0.9758720397949219,0.06212779879570007
577,0.9741206765174866,0.05474971607327461,0.9776162505149841,0.06328132748603821
578,0.9745314717292786,0.054404884576797485,0.9776162505149841,0.06284681707620621
579,0.9747881293296814,0.05435709282755852,0.9779069423675537,0.06194017454981804
580,0.9739152193069458,0.05475596711039543,0.9784883856773376,0.06759726256132126
581,0.9740179181098938,0.056630052626132965,0.9755814075469971,0.06049107387661934
582,0.9744287133216858,0.05458134040236473,0.9781976938247681,0.06229658052325249
583,0.9740179181098938,0.05403495579957962,0.9784883856773376,0.06509698927402496
584,0.9745827913284302,0.054217349737882614,0.9776162505149841,0.06209978833794594
585,0.9744287133216858,0.054272525012493134,0.9767441749572754,0.061524927616119385
586,0.9751991033554077,0.053590040653944016,0.9781976938247681,0.06419776380062103
587,0.9746854305267334,0.05359887704253197,0.9781976938247681,0.06499005854129791
588,0.972734272480011,0.061600927263498306,0.9747093319892883,0.05976670980453491
589,0.9747883081436157,0.055253081023693085,0.9729651212692261,0.060812629759311676
590,0.9739153385162354,0.05470611900091171,0.9747093319892883,0.06089701130986214
591,0.974480152130127,0.054492827504873276,0.9752907156944275,0.06067037582397461
592,0.9748910069465637,0.054238613694906235,0.9784883856773376,0.06350398063659668
593,0.9737612009048462,0.055247604846954346,0.9787790775299072,0.06745424121618271
594,0.9743773341178894,0.05408695340156555,0.9773256182670593,0.06296127289533615
595,0.9751989841461182,0.05293203517794609,0.9773254990577698,0.06312677264213562
596,0.9752503633499146,0.05261373519897461,0.9773254990577698,0.06348930299282074
597,0.9749935269355774,0.05411054939031601,0.9764534831047058,0.06200439855456352
598,0.9747883081436157,0.053714148700237274,0.9770348072052002,0.062447503209114075
599,0.974582850933075,0.05353895574808121,0.9776162505149841,0.06454432010650635
600,0.9754555225372314,0.0537470206618309,0.9744186401367188,0.06110011786222458
601,0.9746339321136475,0.05437534302473068,0.9773254990577698,0.0636608675122261
602,0.9740691781044006,0.05607550963759422,0.9767441749572754,0.062098387628793716
603,0.9746854305267334,0.0548846609890461,0.9752907156944275,0.06136651337146759
604,0.9746342897415161,0.05408550798892975,0.9779069423675537,0.06365549564361572
605,0.9744802713394165,0.05365405231714249,0.9781976938247681,0.06270496547222137
606,0.9750963449478149,0.05334197357296944,0.9773256182670593,0.06204473227262497
607,0.9740691781044006,0.055043384432792664,0.9779070615768433,0.06418489664793015
608,0.9742745161056519,0.05390779301524162,0.9764534831047058,0.06366171687841415
609,0.9739152789115906,0.05631786212325096,0.9758720397949219,0.06019456312060356
610,0.9745315313339233,0.05357937514781952,0.9767441749572754,0.06304097920656204
611,0.974890947341919,0.05351361632347107,0.9752907156944275,0.061992235481739044
612,0.9749937057495117,0.05351445451378822,0.9793604612350464,0.06582152843475342
613,0.9746856689453125,0.05373949185013771,0.9787790775299072,0.06865699589252472
614,0.9753530621528625,0.05322210490703583,0.9784883856773376,0.06490744650363922
615,0.974736750125885,0.05328180268406868,0.9776162505149841,0.06161563843488693
616,0.9748910069465637,0.05280232056975365,0.9773254990577698,0.06196378916501999
617,0.9744802713394165,0.05356637388467789,0.9779069423675537,0.06601372361183167
618,0.9749934673309326,0.0531393401324749,0.9784883856773376,0.06549851596355438
619,0.9754555225372314,0.053335223346948624,0.9776162505149841,0.06305354088544846
620,0.9747880697250366,0.05381416529417038,0.9767441153526306,0.06174173951148987
621,0.9745315909385681,0.05323076248168945,0.9784883856773376,0.06501895934343338
622,0.9744799733161926,0.054218780249357224,0.9781976938247681,0.06260720640420914
623,0.9747880101203918,0.05348506569862366,0.9781976938247681,0.0636749342083931
624,0.9745827913284302,0.05339766666293144,0.9767441153526306,0.061094265431165695
625,0.9747369289398193,0.053127460181713104,0.9779069423675537,0.06347659230232239
626,0.9751990437507629,0.05304578319191933,0.9773254990577698,0.061550017446279526
627,0.975147545337677,0.054051127284765244,0.9781976938247681,0.06174682825803757
628,0.9753019213676453,0.05399816483259201,0.9773254990577698,0.06281854212284088
629,0.9754043221473694,0.053632739931344986,0.9758720397949219,0.0606238953769207
630,0.9750962853431702,0.053645938634872437,0.9781976938247681,0.06345730274915695
631,0.974890947341919,0.05442773923277855,0.9779069423675537,0.06125909090042114
632,0.9754557013511658,0.05229870602488518,0.9776162505149841,0.06165240332484245
633,0.9749934673309326,0.05299124866724014,0.9779069423675537,0.06293022632598877
634,0.9751474857330322,0.05384521186351776,0.9779069423675537,0.06303010135889053
635,0.9747366905212402,0.0531170517206192,0.9779069423675537,0.06296215951442719
636,0.9750962853431702,0.05280372127890587,0.9773254990577698,0.06235181540250778
637,0.9743260145187378,0.05316561833024025,0.9784883856773376,0.06260475516319275
638,0.9753015637397766,0.054242756217718124,0.9773254990577698,0.06116132810711861
639,0.9748396277427673,0.05307728424668312,0.9776162505149841,0.06124047935009003
640,0.9753015637397766,0.05237315967679024,0.9779069423675537,0.062400657683610916
641,0.9751988649368286,0.05369183421134949,0.9787790775299072,0.06556254625320435
642,0.9749422669410706,0.05300108715891838,0.9776162505149841,0.0625159814953804
643,0.9747880697250366,0.052932146936655045,0.9787790775299072,0.06497960537672043
644,0.9751476645469666,0.05309372395277023,0.9781976938247681,0.061697959899902344
645,0.9740694761276245,0.053482718765735626,0.9784883856773376,0.06433206051588058
646,0.975352942943573,0.05287080630660057,0.9784883856773376,0.06397659331560135
647,0.9757638573646545,0.05281781777739525,0.9776162505149841,0.06164442002773285
648,0.974942147731781,0.05203177034854889,0.9779069423675537,0.062290824949741364
649,0.9751476049423218,0.05218125879764557,0.9770349264144897,0.06125909835100174
650,0.9748395681381226,0.053126927465200424,0.9776162505149841,0.06220930814743042
651,0.9748395681381226,0.053171008825302124,0.9779069423675537,0.062264252454042435
652,0.9754555225372314,0.052677616477012634,0.9776162505149841,0.06280334293842316
653,0.9753016233444214,0.05335395038127899,0.9776162505149841,0.0625571608543396
654,0.9750450253486633,0.052547719329595566,0.9779069423675537,0.06289088726043701
655,0.9753016829490662,0.0530080646276474,0.9781976938247681,0.06207183748483658
656,0.9745312929153442,0.05299082398414612,0.9776162505149841,0.06279448419809341
657,0.9750961661338806,0.052218351513147354,0.9784883856773376,0.0625152662396431
658,0.9753016233444214,0.05211566016077995,0.9787790775299072,0.06522729247808456
659,0.975147545337677,0.0545729398727417,0.9779069423675537,0.06207968294620514
660,0.9749937057495117,0.05304242670536041,0.9779069423675537,0.06141279265284538
661,0.9743772149085999,0.05312719568610191,0.9779069423675537,0.06335942447185516
662,0.9754044413566589,0.05248917639255524,0.9781976938247681,0.06381071358919144
663,0.975455641746521,0.052510637789964676,0.9779069423675537,0.06315310299396515
664,0.9745829701423645,0.052633337676525116,0.9779069423675537,0.0625142902135849
665,0.9750449657440186,0.05247381702065468,0.9781976938247681,0.06357093900442123
666,0.9748395085334778,0.05232653394341469,0.9781976938247681,0.06393925845623016
667,0.9760719537734985,0.05321616306900978,0.9781976938247681,0.06309525668621063
668,0.9751476049423218,0.05316639319062233,0.9781976938247681,0.06294188648462296
669,0.9746854305267334,0.053073517978191376,0.9779069423675537,0.06272759288549423
670,0.9751477837562561,0.05276048183441162,0.9773254990577698,0.0622067004442215
671,0.974788248538971,0.052461784332990646,0.9784883856773376,0.06508530676364899
672,0.9749934077262878,0.052997808903455734,0.9781976938247681,0.06312642246484756
673,0.9748906493186951,0.05159025639295578,0.9781976938247681,0.06319742649793625
674,0.9750962853431702,0.05256284773349762,0.9781976938247681,0.06496378779411316
675,0.9755070209503174,0.052095115184783936,0.9781976938247681,0.06317102164030075
676,0.9754557013511658,0.052796244621276855,0.9779069423675537,0.06307465583086014
677,0.9753531217575073,0.05252666398882866,0.9779069423675537,0.06310420483350754
678,0.9748395681381226,0.052818503230810165,0.9776162505149841,0.062149614095687866
679,0.975147545337677,0.05268334224820137,0.9770349264144897,0.0616043396294117
680,0.9747880697250366,0.052964020520448685,0.9781976938247681,0.06369312852621078
681,0.9744802713394165,0.053953349590301514,0.9781976938247681,0.06402795016765594
682,0.9745826721191406,0.0527443028986454,0.9781976938247681,0.06364769488573074
683,0.9751988649368286,0.05257977545261383,0.9779069423675537,0.06287479400634766
684,0.9752501249313354,0.05204269662499428,0.9776162505149841,0.06300976872444153
685,0.9753015637397766,0.052474185824394226,0.9776162505149841,0.06221442297101021
686,0.9742748141288757,0.05252493545413017,0.9781976938247681,0.06359907239675522
687,0.9758666157722473,0.05244763195514679,0.9781976938247681,0.06292344629764557
688,0.9754043817520142,0.052293967455625534,0.9776162505149841,0.06271456182003021
