epoch,loss,mse,val_loss,val_mse
0,25.7818546295166,0.4050401449203491,20.97419548034668,0.16193422675132751
1,17.61868667602539,0.12891548871994019,14.646716117858887,0.14364907145500183
2,12.431987762451172,0.1213146299123764,10.455670356750488,0.14301644265651703
3,8.937104225158691,0.11559200286865234,7.584268093109131,0.1275371015071869
4,6.542956829071045,0.11092768609523773,5.619375705718994,0.12775403261184692
5,4.888243198394775,0.10656873136758804,4.242696285247803,0.11418456584215164
6,3.7366275787353516,0.10454555600881577,3.284865140914917,0.11136389523744583
7,2.9237918853759766,0.10196878015995026,2.6084024906158447,0.11281894147396088
8,2.3437070846557617,0.10096991807222366,2.1085267066955566,0.10197003185749054
9,1.920107126235962,0.09906855970621109,1.7493892908096313,0.10268974304199219
10,1.6062573194503784,0.09826210141181946,1.4871017932891846,0.11044657230377197
11,1.3671985864639282,0.09657394140958786,1.2701537609100342,0.10053163021802902
12,1.1814281940460205,0.09466876089572906,1.1035161018371582,0.0960305780172348
13,1.035125494003296,0.09355145692825317,0.977914571762085,0.09993749111890793
14,0.9164421558380127,0.09167943894863129,0.8674510717391968,0.09431391209363937
15,0.8196372389793396,0.09008409827947617,0.7787657380104065,0.09171219170093536
16,0.7411003708839417,0.09014874696731567,0.7079713940620422,0.09235591441392899
17,0.6726928949356079,0.08742506057024002,0.6538569927215576,0.0981232300400734
18,0.6179407238960266,0.08769989013671875,0.5947549343109131,0.08972879499197006
19,0.5681355595588684,0.08494338393211365,0.5671985745429993,0.10558843612670898
20,0.5264591574668884,0.08343727141618729,0.5094308853149414,0.08486580103635788
21,0.4912647306919098,0.08282037824392319,0.48675981163978577,0.09419368952512741
22,0.46066954731941223,0.0819682627916336,0.446841299533844,0.0819513201713562
23,0.4345109760761261,0.08169568330049515,0.42412659525871277,0.08354320377111435
24,0.40872862935066223,0.07876454293727875,0.4041709005832672,0.08475460857152939
25,0.38801753520965576,0.07799654453992844,0.38036808371543884,0.07970515638589859
26,0.37035343050956726,0.07811819761991501,0.3629441559314728,0.07893036305904388
27,0.35410675406455994,0.07748273760080338,0.3457569479942322,0.07649180293083191
28,0.33795398473739624,0.07539190351963043,0.3319762647151947,0.07594753056764603
29,0.32505449652671814,0.07500898092985153,0.3188536465167999,0.07482235878705978
30,0.31328484416007996,0.07456005364656448,0.3061687648296356,0.07275869697332382
31,0.3027210533618927,0.07421816885471344,0.30142346024513245,0.07784340530633926
32,0.2912450134754181,0.07205316424369812,0.2890111207962036,0.07427022606134415
33,0.28175708651542664,0.07116683572530746,0.283722847700119,0.07726268470287323
34,0.27142906188964844,0.06870126724243164,0.28154706954956055,0.0826876163482666
35,0.26642945408821106,0.07098717987537384,0.277125746011734,0.08527655899524689
36,0.25812506675720215,0.06928200274705887,0.3100701570510864,0.12456583231687546
37,0.2497335970401764,0.06705723702907562,0.2495085895061493,0.06997402757406235
38,0.24412484467029572,0.06733901053667068,0.23965109884738922,0.06549786776304245
39,0.23925496637821198,0.06770683079957962,0.2401578426361084,0.07111271470785141
40,0.23300696909427643,0.0664803758263588,0.2328111082315445,0.06881362944841385
41,0.2257077395915985,0.06398336589336395,0.22379443049430847,0.06434550136327744
42,0.22106504440307617,0.0638265311717987,0.21762403845787048,0.06252597272396088
43,0.21571214497089386,0.0626879632472992,0.21932852268218994,0.06847802549600601
44,0.21072906255722046,0.061852049082517624,0.209787055850029,0.0628960132598877
45,0.20656290650367737,0.06155114993453026,0.20821262896060944,0.06503640860319138
46,0.20103400945663452,0.05965527519583702,0.20173001289367676,0.062217336148023605
47,0.19941097497940063,0.061604730784893036,0.19589564204216003,0.05964750424027443
48,0.1945125311613083,0.059899065643548965,0.1911439150571823,0.05807523801922798
49,0.19020558893680573,0.05873636528849602,0.18658451735973358,0.05660461261868477
50,0.18933962285518646,0.06084514036774635,0.20474709570407867,0.07762598991394043
51,0.18281009793281555,0.0571688711643219,0.18715713918209076,0.06316804885864258
52,0.17933908104896545,0.05665295571088791,0.18098291754722595,0.059671346098184586
53,0.17420567572116852,0.05421048775315285,0.17559224367141724,0.057011980563402176
54,0.17361658811569214,0.0563344731926918,0.1700555980205536,0.05393802374601364
55,0.16921259462833405,0.0543464757502079,0.16923902928829193,0.05565600097179413
56,0.1664498746395111,0.05402643233537674,0.16392213106155396,0.052740052342414856
57,0.1652110517024994,0.055126551538705826,0.16142800450325012,0.052517082542181015
58,0.15978777408599854,0.0519944503903389,0.1615528166294098,0.05490286275744438
59,0.15809328854084015,0.05247673764824867,0.15674331784248352,0.052206143736839294
60,0.15600968897342682,0.052515629678964615,0.16159085929393768,0.05913377180695534
61,0.15325476229190826,0.05176454782485962,0.14983031153678894,0.04929843172430992
62,0.15088893473148346,0.05141687020659447,0.15386508405208588,0.055323295295238495
63,0.14816346764564514,0.05063081532716751,0.144220769405365,0.04768155887722969
64,0.1472969651222229,0.05153916776180267,0.15200965106487274,0.05716302618384361
65,0.14470887184143066,0.05074067413806915,0.14031077921390533,0.047156501561403275
66,0.14351823925971985,0.05118836462497711,0.14110757410526276,0.04958951100707054
67,0.14096751809120178,0.050339121371507645,0.14397673308849335,0.054187431931495667
68,0.138784259557724,0.04981047660112381,0.14033418893814087,0.05227571353316307
69,0.1356504112482071,0.04837368428707123,0.14616291224956512,0.059658560901880264
70,0.13451561331748962,0.048738475888967514,0.1315906047821045,0.04660044237971306
71,0.1334037482738495,0.04917583614587784,0.1330973207950592,0.0495598129928112
72,0.1298273503780365,0.04710045084357262,0.13229386508464813,0.050371456891298294
73,0.12948676943778992,0.0482092909514904,0.13267622888088226,0.05214248225092888
74,0.12740489840507507,0.04751158505678177,0.12610816955566406,0.04698101803660393
75,0.1270872950553894,0.04855338856577873,0.1263941079378128,0.048551011830568314
76,0.12424226850271225,0.04706622660160065,0.12409591674804688,0.04753061383962631
77,0.12358533591032028,0.04768081381917,0.12047749012708664,0.04521552473306656
78,0.1209651380777359,0.046335771679878235,0.1205727681517601,0.04662810266017914
79,0.11964341998100281,0.0463181771337986,0.11985611170530319,0.04706691578030586
80,0.12089229375123978,0.048639602959156036,0.1181858628988266,0.04649569094181061
81,0.11721749603748322,0.04614575579762459,0.11954318732023239,0.04903862997889519
82,0.11700306832790375,0.047021087259054184,0.1224907711148262,0.053084325045347214
83,0.11506091058254242,0.04625149071216583,0.1137104332447052,0.0454002246260643
84,0.11296090483665466,0.04529242590069771,0.11566334217786789,0.04850277677178383
85,0.11158889532089233,0.04494645819067955,0.11142046749591827,0.04535456746816635
86,0.11127586662769318,0.045646123588085175,0.10858846455812454,0.043481986969709396
87,0.10946157574653625,0.044898539781570435,0.11613276600837708,0.052060317248106
88,0.1088072806596756,0.04523124918341637,0.10649922490119934,0.04343964904546738
89,0.1085953637957573,0.045987751334905624,0.11252081394195557,0.05034011974930763
90,0.10792893171310425,0.04621697962284088,0.11887167394161224,0.05763224512338638
91,0.1051921397447586,0.044423725455999374,0.11026067286729813,0.049992553889751434
92,0.1033443883061409,0.04352342709898949,0.10345330089330673,0.0441129095852375
93,0.10408662259578705,0.04517488181591034,0.13332684338092804,0.07484342157840729
94,0.1041620746254921,0.046045295894145966,0.10120432823896408,0.043543729931116104
95,0.1003338024020195,0.04313205927610397,0.10125155746936798,0.044509612023830414
96,0.1012783795595169,0.044900063425302505,0.1268814355134964,0.07092830538749695
97,0.10101401060819626,0.045431021600961685,0.0988411009311676,0.04364198446273804
98,0.09768810123205185,0.042927857488393784,0.10141754895448685,0.0471377931535244
99,0.09803115576505661,0.04408548027276993,0.09776148945093155,0.04414109140634537
100,0.09586726129055023,0.04269004613161087,0.09654440730810165,0.04378853738307953
101,0.09418797492980957,0.041791435331106186,0.09401566535234451,0.042013876140117645
102,0.09456569701433182,0.042992979288101196,0.09300737828016281,0.04175841435790062
103,0.09430388361215591,0.04345615953207016,0.0954977422952652,0.04501474276185036
104,0.09224347770214081,0.042128972709178925,0.09261338412761688,0.04285735264420509
105,0.09171804040670395,0.04232225567102432,0.09247273951768875,0.04348938912153244
106,0.09115475416183472,0.04247831180691719,0.09179167449474335,0.0434139221906662
107,0.09148936718702316,0.04341535642743111,0.09202051907777786,0.044306669384241104
108,0.09146249294281006,0.044078607112169266,0.0925649031996727,0.045503854751586914
109,0.0892452821135521,0.04253610968589783,0.09013476222753525,0.04371087625622749
110,0.08952287584543228,0.04334789142012596,0.09131033718585968,0.0454816110432148
111,0.08814489096403122,0.04264390096068382,0.11998134106397629,0.07489044964313507
112,0.08795173466205597,0.04308667033910751,0.087051622569561,0.04245290905237198
113,0.08630840480327606,0.04200952127575874,0.11185576021671295,0.06779256463050842
114,0.08530854433774948,0.04157080128788948,0.08628686517477036,0.04288267344236374
115,0.08427693694829941,0.04117918387055397,0.09610296785831451,0.05333535000681877
116,0.08416444808244705,0.041656237095594406,0.0828491821885109,0.040655724704265594
117,0.08338387310504913,0.04150250181555748,0.08451372385025024,0.04288293421268463
118,0.08404798060655594,0.04265810176730156,0.08305429667234421,0.04181993752717972
119,0.08260095864534378,0.04170585423707962,0.08793643862009048,0.047344744205474854
120,0.0827207937836647,0.04240062087774277,0.08240265399217606,0.042312733829021454
121,0.08152613043785095,0.04169519618153572,0.0804937332868576,0.040934957563877106
122,0.07975645363330841,0.04048110917210579,0.0791124776005745,0.04012732207775116
123,0.07993470132350922,0.041156940162181854,0.0792359784245491,0.0406634584069252
124,0.08087325841188431,0.042531345039606094,0.07945109903812408,0.04135340079665184
125,0.07986940443515778,0.04196440428495407,0.08052553236484528,0.04280881583690643
126,0.07838363945484161,0.04092345014214516,0.08095431327819824,0.043789707124233246
127,0.0788346379995346,0.04186278209090233,0.08710809051990509,0.05035112053155899
128,0.07671545445919037,0.04018036276102066,0.07877179235219955,0.042518556118011475
129,0.07696404308080673,0.04096248745918274,0.08459984511137009,0.04877978190779686
130,0.07545095682144165,0.039860017597675323,0.0803600400686264,0.044953953474760056
131,0.07716204971075058,0.042008623480796814,0.07816927134990692,0.043196793645620346
132,0.07625231891870499,0.04145252704620361,0.07562299817800522,0.04100775346159935
133,0.07507557421922684,0.04072519391775131,0.07870300114154816,0.04455485939979553
134,0.07496345788240433,0.04101591929793358,0.0774134024977684,0.04368433728814125
135,0.0734013170003891,0.039838436990976334,0.07761819660663605,0.044256243854761124
136,0.07325518876314163,0.04011039435863495,0.076270692050457,0.043309349566698074
137,0.07386244833469391,0.04105019196867943,0.0742749348282814,0.04164615646004677
138,0.07348336279392242,0.04104793816804886,0.07644125074148178,0.04417549818754196
139,0.07268992811441422,0.04061105474829674,0.07459832727909088,0.04263998568058014
140,0.07232283055782318,0.04054761677980423,0.07424958795309067,0.04270239174365997
141,0.07204703241586685,0.04065784066915512,0.07069443166255951,0.03953263908624649
142,0.0710623487830162,0.04003296047449112,0.07282668352127075,0.04187881946563721
143,0.07092363387346268,0.04015500470995903,0.073065847158432,0.04250466078519821
144,0.07094790786504745,0.04050932824611664,0.07291267812252045,0.0425848513841629
145,0.07086077332496643,0.04073528200387955,0.07431907206773758,0.04435783624649048
146,0.07015851140022278,0.04033922031521797,0.06987596303224564,0.040235333144664764
147,0.0701000764966011,0.040658313781023026,0.07070991396903992,0.04140162467956543
148,0.0687335804104805,0.03958706185221672,0.07219192385673523,0.04321841150522232
149,0.06944708526134491,0.040577758103609085,0.07339024543762207,0.044563766568899155
150,0.06895517557859421,0.04030020534992218,0.07108154147863388,0.04256473109126091
151,0.06888610124588013,0.040498100221157074,0.07424729317426682,0.046001728624105453
152,0.06864798814058304,0.04055522754788399,0.07401031255722046,0.046036768704652786
153,0.06822899729013443,0.04038573428988457,0.0692460909485817,0.04156510904431343
154,0.0677819773554802,0.04017781838774681,0.06834572553634644,0.04090875759720802
155,0.0667588859796524,0.03948761150240898,0.06915061175823212,0.041985299438238144
156,0.06666786223649979,0.0396890789270401,0.06780513375997543,0.0409327894449234
157,0.06594861298799515,0.0391753688454628,0.06632170081138611,0.039588261395692825
158,0.0652802586555481,0.03875958174467087,0.07880323380231857,0.052471838891506195
159,0.06609328091144562,0.0398402139544487,0.06841758638620377,0.042254816740751266
160,0.06560596823692322,0.03955426439642906,0.06775447726249695,0.041808027774095535
161,0.06571170687675476,0.039880599826574326,0.06646017730236053,0.040693510323762894
162,0.0656764954328537,0.040069207549095154,0.06704416126012802,0.041518684476614
163,0.06478827446699142,0.03934963047504425,0.07690958678722382,0.051518701016902924
164,0.06650720536708832,0.04118053615093231,0.06577116996049881,0.04061094671487808
165,0.06400307267904282,0.03899391368031502,0.06510818004608154,0.04022956266999245
166,0.06411100924015045,0.039359524846076965,0.0813898891210556,0.05674505606293678
167,0.06454958021640778,0.03995472565293312,0.06587168574333191,0.0413859598338604
168,0.0634957104921341,0.039118893444538116,0.06831376999616623,0.04402686655521393
169,0.06227841228246689,0.03809823840856552,0.06305461376905441,0.039010174572467804
170,0.06257007271051407,0.03863458335399628,0.06629009544849396,0.04246852919459343
171,0.06301742792129517,0.039236005395650864,0.07476907223463058,0.051057349890470505
172,0.06246596574783325,0.038865890353918076,0.06580079346895218,0.04230998829007149
173,0.062406230717897415,0.03899996355175972,0.06491171568632126,0.04155115783214569
174,0.06355210393667221,0.04023577645421028,0.06574763357639313,0.04261419549584389
175,0.06202048808336258,0.03895421698689461,0.06562279164791107,0.04263388738036156
176,0.06163865327835083,0.03871602937579155,0.06631903350353241,0.04352292791008949
177,0.06322064250707626,0.04039347916841507,0.06442558765411377,0.0416853241622448
178,0.0604514442384243,0.03784434124827385,0.06285184621810913,0.04037674143910408
179,0.0603506900370121,0.03798898681998253,0.06530903279781342,0.04302908480167389
180,0.06177254766225815,0.03954685106873512,0.06543338298797607,0.04323512315750122
181,0.060822341591119766,0.03870813921093941,0.06307864934206009,0.04109829664230347
182,0.06155019253492355,0.039616357535123825,0.0644899383187294,0.04262718930840492
183,0.0611698254942894,0.039344049990177155,0.0658494234085083,0.04404478892683983
184,0.06015900894999504,0.03848960995674133,0.06486232578754425,0.043322015553712845
185,0.06042258441448212,0.03891598805785179,0.06115344911813736,0.03969409689307213
186,0.05988913029432297,0.03851061314344406,0.061155159026384354,0.03985448181629181
187,0.059243734925985336,0.03806041553616524,0.06016542762517929,0.03903544321656227
188,0.05959102883934975,0.038528792560100555,0.05960614234209061,0.03861299529671669
189,0.05985294654965401,0.03889761492609978,0.062093473970890045,0.04121384024620056
190,0.05888737738132477,0.038128238171339035,0.06120292469859123,0.040526244789361954
191,0.05858379974961281,0.037985607981681824,0.05969705805182457,0.039095520973205566
192,0.058911509811878204,0.03840586543083191,0.0631173849105835,0.04270027577877045
193,0.05876099318265915,0.038398679345846176,0.06113329529762268,0.040828071534633636
194,0.058105193078517914,0.037874527275562286,0.062225207686424255,0.042097534984350204
195,0.05784308537840843,0.0377332828938961,0.06022883579134941,0.04021430388092995
196,0.05814262852072716,0.038149718195199966,0.05993250384926796,0.039970360696315765
197,0.05786145478487015,0.03801301121711731,0.07057970762252808,0.050809022039175034
198,0.05837024003267288,0.03864205628633499,0.05884015932679176,0.03914017602801323
199,0.05797966569662094,0.03833244368433952,0.059521764516830444,0.03994905576109886
200,0.05847733095288277,0.038949884474277496,0.06152993068099022,0.04203695431351662
201,0.057361114770174026,0.0379355363547802,0.0661858320236206,0.04682810232043266
202,0.057497937232255936,0.03818851336836815,0.05941686034202576,0.0401775948703289
203,0.05674367398023605,0.03756820783019066,0.06030267849564552,0.04120920971035957
204,0.05667280778288841,0.03762982413172722,0.05932461842894554,0.040256600826978683
205,0.0570414699614048,0.038058847188949585,0.05802502855658531,0.03911339491605759
206,0.05720781907439232,0.03833606839179993,0.07577329128980637,0.05691160634160042
207,0.05725281685590744,0.0384407564997673,0.058020781725645065,0.03925163671374321
208,0.056053921580314636,0.03737172856926918,0.05862916260957718,0.04002353921532631
209,0.05714714899659157,0.03861651569604874,0.0588575080037117,0.04031926020979881
210,0.05738940089941025,0.03886527568101883,0.05937787517905235,0.04089801013469696
211,0.05511357635259628,0.03672892972826958,0.06756173819303513,0.04926003888249397
212,0.05633294954895973,0.0380597747862339,0.06186365336179733,0.04362087696790695
213,0.057237692177295685,0.039006881415843964,0.06234131380915642,0.04413963854312897
214,0.055532634258270264,0.03741934895515442,0.059917151927948,0.04187031090259552
215,0.0563044473528862,0.03826422616839409,0.05810706689953804,0.04001583158969879
216,0.05571025237441063,0.03773725777864456,0.05810937285423279,0.04019507020711899
217,0.05582340061664581,0.03795913606882095,0.05734620615839958,0.03943856433033943
218,0.05544925853610039,0.037620656192302704,0.05922376736998558,0.04150562733411789
219,0.05526867136359215,0.03759916126728058,0.05867703631520271,0.04101961851119995
220,0.05662335455417633,0.03895656019449234,0.0579255186021328,0.04027519002556801
221,0.05505683273077011,0.037486154586076736,0.057314228266477585,0.039831437170505524
222,0.05510726571083069,0.03765513002872467,0.05740896984934807,0.03996480256319046
223,0.05514073744416237,0.03772570192813873,0.05749813839793205,0.04012961685657501
224,0.05511949211359024,0.03775031492114067,0.05981261655688286,0.042491279542446136
225,0.0544862300157547,0.03724914416670799,0.06147900968790054,0.04427574202418327
226,0.05508141592144966,0.03790940344333649,0.056286491453647614,0.03913223743438721
227,0.055016420781612396,0.03786701709032059,0.05730917677283287,0.0401972271502018
228,0.054426759481430054,0.03734230622649193,0.055310770869255066,0.03827520087361336
229,0.05359506979584694,0.03662869706749916,0.06652200222015381,0.04963861405849457
230,0.05473020672798157,0.03783973306417465,0.05686914175748825,0.0399927943944931
231,0.054212287068367004,0.03735150396823883,0.055690936744213104,0.03888264670968056
232,0.05477462708950043,0.03797450289130211,0.05782047659158707,0.040987465530633926
233,0.05448968708515167,0.03771387040615082,0.05771052464842796,0.0409669391810894
234,0.053928717970848083,0.03723720833659172,0.05960027500987053,0.0429149828851223
235,0.05370089039206505,0.037056587636470795,0.061299167573451996,0.04467204213142395
236,0.0544188991189003,0.03781422972679138,0.060802243649959564,0.044220518320798874
237,0.055247288197278976,0.03866410255432129,0.061914633959531784,0.04537466913461685
238,0.05425373092293739,0.03771339729428291,0.05827796086668968,0.041758302599191666
239,0.05419909209012985,0.03774987906217575,0.06115098297595978,0.04474073275923729
240,0.054048120975494385,0.03765597939491272,0.05771508440375328,0.041353702545166016
241,0.054748956114053726,0.03837910667061806,0.06062241643667221,0.044262900948524475
242,0.05366286635398865,0.037333156913518906,0.05645841732621193,0.04015255719423294
243,0.05324540287256241,0.036993358284235,0.06475518643856049,0.04853431135416031
244,0.053370699286460876,0.037170350551605225,0.056711092591285706,0.0405796654522419
245,0.053235024213790894,0.037122949957847595,0.05611901357769966,0.04001579433679581
246,0.052658598870038986,0.0366024374961853,0.05729418992996216,0.041265495121479034
247,0.05330415442585945,0.03727245330810547,0.054935455322265625,0.03888807073235512
248,0.05365586653351784,0.03762826323509216,0.06167936325073242,0.045654866844415665
249,0.05382060259580612,0.03781665116548538,0.06331905722618103,0.04732327535748482
250,0.053964633494615555,0.03799406811594963,0.056123655289411545,0.04022328928112984
251,0.0527181476354599,0.03679613769054413,0.060121823102235794,0.04412783682346344
252,0.054520148783922195,0.03857245668768883,0.05892791226506233,0.0429736003279686
253,0.05330249294638634,0.03743143379688263,0.05717064440250397,0.04132978618144989
254,0.053783100098371506,0.03795139864087105,0.057020969688892365,0.04117480665445328
255,0.053721629083156586,0.037879399955272675,0.05479339137673378,0.03897864744067192
256,0.055010419338941574,0.03919296711683273,0.05581619590520859,0.040007784962654114
257,0.05381306633353233,0.038038358092308044,0.058239441365003586,0.04248584434390068
258,0.05331629142165184,0.03760110214352608,0.060620397329330444,0.04491518437862396
259,0.05309214070439339,0.03735949471592903,0.057314012199640274,0.04157760366797447
260,0.05262540653347969,0.03693688288331032,0.06471050530672073,0.04899734631180763
261,0.053177203983068466,0.03748970106244087,0.05842650681734085,0.04276593402028084
262,0.05261523649096489,0.03700730949640274,0.05540436506271362,0.03981358930468559
263,0.05508418008685112,0.03940281644463539,0.05744776502251625,0.04166895151138306
264,0.05410322919487953,0.038362082093954086,0.05609101057052612,0.04038300737738609
265,0.05381225422024727,0.03816064074635506,0.058839380741119385,0.0431981198489666
266,0.053727928549051285,0.03810857981443405,0.05805232375860214,0.042487312108278275
267,0.053927112370729446,0.03833514079451561,0.056199222803115845,0.04064745828509331
268,0.05293598398566246,0.03736729174852371,0.059537626802921295,0.0439494363963604
269,0.053142301738262177,0.037570394575595856,0.058176007121801376,0.042649347335100174
270,0.0544576533138752,0.038873445242643356,0.05721772089600563,0.041651252657175064
271,0.05431816354393959,0.03873714804649353,0.05869508162140846,0.04310565069317818
272,0.0540885403752327,0.03851144760847092,0.056016936898231506,0.0404893197119236
273,0.051725659519433975,0.03619025647640228,0.05656295642256737,0.04109295457601547
274,0.05381501838564873,0.03829478099942207,0.05838358774781227,0.04284754768013954
275,0.05337432771921158,0.037920936942100525,0.060092028230428696,0.04462190344929695
276,0.05403593182563782,0.03854819014668465,0.06326869130134583,0.04768199846148491
277,0.05581415444612503,0.04025193676352501,0.060422878712415695,0.0448416993021965
278,0.05314035713672638,0.03763420134782791,0.06293540447950363,0.04742429405450821
279,0.05382213369011879,0.038329627364873886,0.06543400883674622,0.04989725351333618
280,0.05497246980667114,0.039411403238773346,0.05846099555492401,0.04283040389418602
281,0.05103326961398125,0.0354924201965332,0.05271684378385544,0.03722672909498215
282,0.04888995364308357,0.03346722945570946,0.060698941349983215,0.045358963310718536
283,0.04821314290165901,0.03291339799761772,0.05098713934421539,0.035703182220458984
284,0.04796399548649788,0.032698675990104675,0.056175801903009415,0.04093259200453758
285,0.04818122833967209,0.032954782247543335,0.052289459854364395,0.03706781193614006
286,0.047279488295316696,0.032101962715387344,0.052485011518001556,0.03734416142106056
287,0.047328706830739975,0.032213516533374786,0.05395134538412094,0.038824986666440964
288,0.049715153872966766,0.03459208458662033,0.05516190454363823,0.04006439447402954
289,0.048228420317173004,0.03312470391392708,0.050949133932590485,0.03586134687066078
290,0.04683830589056015,0.03180423378944397,0.051283325999975204,0.03629547730088234
291,0.047390520572662354,0.03240388259291649,0.05507991462945938,0.04005318880081177
292,0.04865095019340515,0.03364568576216698,0.053394295275211334,0.038412585854530334
293,0.04759663715958595,0.03261931613087654,0.05317646265029907,0.038177721202373505
294,0.04779094085097313,0.032807886600494385,0.05261612311005592,0.03764791041612625
295,0.04728730767965317,0.032357390969991684,0.05008077993988991,0.035175446420907974
296,0.046215351670980453,0.03133079782128334,0.050407443195581436,0.035535961389541626
297,0.04656536132097244,0.031730055809020996,0.05399272218346596,0.03915558382868767
298,0.04934704676270485,0.03450043871998787,0.05907903239130974,0.044134676456451416
299,0.05124448984861374,0.0363008975982666,0.05273249000310898,0.03784386068582535
300,0.04761433228850365,0.03275252878665924,0.05666068568825722,0.04181627184152603
301,0.049976032227277756,0.03511285036802292,0.05266672372817993,0.037812281399965286
302,0.04946903511881828,0.034596797078847885,0.05348941311240196,0.038628946989774704
303,0.04875151440501213,0.03390855714678764,0.05316790193319321,0.03836582973599434
304,0.04710682854056358,0.032318856567144394,0.05237196758389473,0.037585943937301636
305,0.048478689044713974,0.03369811177253723,0.05251115933060646,0.037723392248153687
306,0.04894601181149483,0.03418733552098274,0.058110784739255905,0.04334014654159546
307,0.049364905804395676,0.034576695412397385,0.05467464029788971,0.03987604007124901
308,0.04778355360031128,0.03298023343086243,0.05229392647743225,0.037491705268621445
309,0.047546740621328354,0.03276488184928894,0.05574093386530876,0.040992043912410736
310,0.04859896004199982,0.033851418644189835,0.05184882879257202,0.03711455315351486
311,0.04788616672158241,0.033145297318696976,0.05080818384885788,0.03609338030219078
312,0.04982181638479233,0.03511948883533478,0.05289013311266899,0.038191623985767365
313,0.04701850190758705,0.032281626015901566,0.050659824162721634,0.03588316962122917
314,0.04715905338525772,0.032432716339826584,0.05106253921985626,0.036395471543073654
315,0.04662979394197464,0.03197692707180977,0.05540028214454651,0.040737051516771317
316,0.04919447377324104,0.03450636938214302,0.05350710451602936,0.03883705660700798
317,0.04898560047149658,0.03432599827647209,0.05395889654755592,0.039292193949222565
318,0.0477341003715992,0.03305602818727493,0.05481640249490738,0.04017123952507973
319,0.04697822779417038,0.03234833851456642,0.05032753944396973,0.03570394590497017
320,0.046376194804906845,0.031773265451192856,0.05246634781360626,0.03787114471197128
321,0.04538304731249809,0.030815953388810158,0.04768013209104538,0.033138521015644073
322,0.04519331455230713,0.03065565787255764,0.0481463260948658,0.033620525151491165
323,0.04391736537218094,0.029410861432552338,0.04700477793812752,0.03251491114497185
324,0.047882016748189926,0.033319443464279175,0.0504329539835453,0.035845961421728134
325,0.0441243015229702,0.02956775575876236,0.04875614866614342,0.03423177823424339
326,0.04325997829437256,0.028748998418450356,0.04752284288406372,0.03303767740726471
327,0.042729996144771576,0.028267888352274895,0.04660259932279587,0.03216669335961342
328,0.042456984519958496,0.028028298169374466,0.04645489528775215,0.03203780576586723
329,0.042378559708595276,0.027967123314738274,0.04856828227639198,0.034156110137701035
330,0.04266563802957535,0.028265787288546562,0.04938003048300743,0.03496991842985153
331,0.04363453388214111,0.029231956228613853,0.048908449709415436,0.034493543207645416
332,0.04386923462152481,0.029482228681445122,0.053532280027866364,0.03915582597255707
333,0.043084677308797836,0.028727278113365173,0.047116272151470184,0.032766107469797134
334,0.043128058314323425,0.028782621026039124,0.048545338213443756,0.034203238785266876
335,0.04288391396403313,0.02855239063501358,0.0471314936876297,0.032820358872413635
336,0.04206307604908943,0.02776610106229782,0.04850578308105469,0.034231092780828476
337,0.04300430417060852,0.02873324230313301,0.048893705010414124,0.03462430089712143
338,0.043379317969083786,0.029116732999682426,0.04785123094916344,0.03359401598572731
339,0.04324619844555855,0.028985796496272087,0.04787549376487732,0.03362401947379112
340,0.043135810643434525,0.028870398178696632,0.04638651758432388,0.03212452679872513
341,0.044197965413331985,0.0299111008644104,0.04765568673610687,0.03338288143277168
342,0.04245322197675705,0.028200805187225342,0.04738805070519447,0.033151350915431976
343,0.043171122670173645,0.028921790421009064,0.04838583245873451,0.0341484360396862
344,0.04236387088894844,0.02813468687236309,0.046604372560977936,0.032383620738983154
345,0.0417080894112587,0.027496427297592163,0.045988719910383224,0.031783781945705414
346,0.04314227029681206,0.028945619240403175,0.04829108342528343,0.03410797938704491
347,0.04328880086541176,0.029097838327288628,0.04854295775294304,0.03435772657394409
348,0.045219454914331436,0.03101215697824955,0.05296437069773674,0.03873036801815033
349,0.0453835129737854,0.03114302270114422,0.050592850893735886,0.036368612200021744
350,0.042927127331495285,0.028704211115837097,0.047025348991155624,0.03281949460506439
351,0.04293494671583176,0.02872897870838642,0.04901041463017464,0.03479519113898277
352,0.04355951026082039,0.029332971200346947,0.04868442565202713,0.034472402185201645
353,0.042549844831228256,0.028340576216578484,0.048299651592969894,0.03408294916152954
354,0.04246028512716293,0.028273966163396835,0.04701942577958107,0.03285742178559303
355,0.042397819459438324,0.028232481330633163,0.04654913768172264,0.03239187225699425
356,0.04187730327248573,0.027729609981179237,0.047736190259456635,0.033594634383916855
357,0.042008958756923676,0.027879925444722176,0.04712032154202461,0.03300873190164566
358,0.04266903176903725,0.02856900542974472,0.04846001788973808,0.034356795251369476
359,0.042025454342365265,0.02793080173432827,0.0455036424100399,0.03141685202717781
360,0.041310884058475494,0.02722550928592682,0.04636958986520767,0.03228474408388138
361,0.04250480234622955,0.028432901948690414,0.046779971569776535,0.032715462148189545
362,0.044579870998859406,0.03049672208726406,0.04874689131975174,0.03463064134120941
363,0.04287266358733177,0.028769638389348984,0.04639996588230133,0.032294247299432755
364,0.04270762577652931,0.028610078617930412,0.05099175497889519,0.036906030029058456
365,0.04230581969022751,0.028222307562828064,0.045547325164079666,0.031466446816921234
366,0.042438335716724396,0.02836611680686474,0.05140795186161995,0.037259187549352646
367,0.044946327805519104,0.030828818678855896,0.046306442469358444,0.03221243619918823
368,0.042924974113702774,0.028847184032201767,0.046661194413900375,0.032601408660411835
369,0.04162340983748436,0.027573516592383385,0.04536881670355797,0.031323619186878204
370,0.041385218501091,0.02734958752989769,0.045046210289001465,0.031003698706626892
371,0.041273534297943115,0.027241602540016174,0.04564645141363144,0.03161745145916939
372,0.04118926450610161,0.027183303609490395,0.046531859785318375,0.032534725964069366
373,0.04085666686296463,0.02685861475765705,0.04650941491127014,0.03250287100672722
374,0.041862644255161285,0.027853967621922493,0.047481879591941833,0.033471956849098206
375,0.04282817989587784,0.02881539985537529,0.04767468944191933,0.0336652547121048
376,0.04174945503473282,0.027750685811042786,0.04711965471506119,0.03312626853585243
377,0.042428720742464066,0.028417536988854408,0.04590808227658272,0.031916338950395584
378,0.04151980206370354,0.02752913162112236,0.04670964181423187,0.032720766961574554
379,0.04175618663430214,0.027771063148975372,0.047142915427684784,0.03316998481750488
380,0.043447092175483704,0.029464110732078552,0.045755308121442795,0.0317639596760273
381,0.04164566099643707,0.027664529159665108,0.04543133080005646,0.03144857659935951
382,0.04103665426373482,0.027063673362135887,0.04554149508476257,0.031585659831762314
383,0.0402182973921299,0.02626008167862892,0.046156447380781174,0.03220264986157417
384,0.04008441045880318,0.026132235303521156,0.04812668636441231,0.034179188311100006
385,0.04195278510451317,0.02800401672720909,0.05034269392490387,0.03640725091099739
386,0.0434417687356472,0.029481615871191025,0.04605865851044655,0.032087210565805435
387,0.04106801748275757,0.027122873812913895,0.04591310769319534,0.03197993338108063
388,0.041177213191986084,0.02725152112543583,0.04781689867377281,0.03390336409211159
389,0.043292704969644547,0.029374759644269943,0.04824716970324516,0.03431888297200203
390,0.04265572503209114,0.028738025575876236,0.0467199832201004,0.03281409293413162
391,0.04125872254371643,0.027362952008843422,0.04584791511297226,0.03197421878576279
392,0.040285874158144,0.026423893868923187,0.04512442648410797,0.03127206861972809
393,0.040959492325782776,0.027089856564998627,0.04656006395816803,0.03268176317214966
394,0.04157436639070511,0.027694523334503174,0.047158461064100266,0.033283695578575134
395,0.040356967598199844,0.0265048835426569,0.04426189512014389,0.0304245725274086
396,0.040744222700595856,0.026896001771092415,0.045580677688121796,0.03173481300473213
397,0.040613021701574326,0.026773953810334206,0.04714852198958397,0.0333174467086792
398,0.04188048094511032,0.02804330363869667,0.04535279422998428,0.03153508901596069
399,0.04364516958594322,0.029808543622493744,0.04746725782752037,0.033615805208683014
400,0.042241744697093964,0.028394198045134544,0.04705271124839783,0.033209387212991714
401,0.042195238173007965,0.028344545513391495,0.046559207141399384,0.03267288953065872
402,0.04105845093727112,0.02718658559024334,0.045568693429231644,0.0317147821187973
403,0.04045039042830467,0.026595693081617355,0.04587028548121452,0.03200948238372803
404,0.042338814586400986,0.02848401479423046,0.04868248477578163,0.034842029213905334
405,0.04255871847271919,0.028724299743771553,0.04581320658326149,0.03196750581264496
406,0.04080367460846901,0.02698413096368313,0.04456603527069092,0.030755938962101936
407,0.04137647524476051,0.02756078913807869,0.045299164950847626,0.031490303575992584
408,0.04093267396092415,0.02713886648416519,0.045301008969545364,0.031505100429058075
409,0.04029014706611633,0.026497237384319305,0.04496724531054497,0.03118395246565342
410,0.04089293256402016,0.027104703709483147,0.044606927782297134,0.030823344364762306
411,0.041042886674404144,0.027270160615444183,0.0476691760122776,0.03389153629541397
412,0.04546942561864853,0.03166309744119644,0.047000911086797714,0.033189017325639725
413,0.04573822766542435,0.031913429498672485,0.05153968557715416,0.03770241141319275
414,0.04348547384142876,0.02965567260980606,0.0467037707567215,0.03287440910935402
415,0.04181317239999771,0.027997402474284172,0.0446460098028183,0.03085748851299286
416,0.04081988334655762,0.027041995897889137,0.044443752616643906,0.030672384425997734
417,0.0429067499935627,0.02911875955760479,0.046941760927438736,0.033154845237731934
418,0.04242575541138649,0.028635771945118904,0.05269418656826019,0.03884948790073395
419,0.04598308354616165,0.03214934095740318,0.047507740557193756,0.03366764634847641
420,0.04241877794265747,0.02859424613416195,0.04782692715525627,0.03402436524629593
421,0.04098392277956009,0.027181504294276237,0.0450027696788311,0.03121781349182129
422,0.042123131453990936,0.028328685089945793,0.04624241217970848,0.032445162534713745
423,0.04117763414978981,0.027404295280575752,0.04448319971561432,0.030726388096809387
424,0.03989522159099579,0.026143807917833328,0.04354676976799965,0.02980288304388523
425,0.03924735635519028,0.025505363941192627,0.04335455968976021,0.029609020799398422
426,0.03925175592303276,0.025521177798509598,0.04373810067772865,0.03000800311565399
427,0.03948810324072838,0.02576909400522709,0.043982069939374924,0.030277421697974205
428,0.03948724642395973,0.025784971192479134,0.042943358421325684,0.02924390137195587
429,0.03909611701965332,0.025403285399079323,0.04253191873431206,0.02884700335562229
430,0.03821561112999916,0.024548619985580444,0.04231439158320427,0.028656544163823128
431,0.03835258632898331,0.024702414870262146,0.0424811877310276,0.0288265198469162
432,0.03813773766160011,0.024479283019900322,0.04385919123888016,0.030199812725186348
433,0.038913484662771225,0.025265775620937347,0.04379832372069359,0.030153576284646988
434,0.03937055915594101,0.02574102021753788,0.043380558490753174,0.02975141443312168
435,0.03826390206813812,0.024639766663312912,0.042581696063280106,0.028964463621377945
436,0.037915296852588654,0.024298405274748802,0.04292694479227066,0.029312238097190857
437,0.03753862529993057,0.023930246010422707,0.04308659955859184,0.02948356792330742
438,0.03757035732269287,0.023968970403075218,0.042787816375494,0.02919139713048935
439,0.03717008978128433,0.023581206798553467,0.041974473744630814,0.028391990810632706
440,0.039083000272512436,0.025505652651190758,0.04248582199215889,0.028898311778903008
441,0.03994651511311531,0.026356030255556107,0.04312339797616005,0.029537804424762726
442,0.03867277875542641,0.025089077651500702,0.041796471923589706,0.028220074251294136
443,0.038365673273801804,0.024791304022073746,0.04267067089676857,0.029102962464094162
444,0.038583625108003616,0.025012459605932236,0.042434725910425186,0.028870752081274986
445,0.03830500692129135,0.02474800869822502,0.041969504207372665,0.028425898402929306
446,0.037902165204286575,0.024359047412872314,0.04307883605360985,0.029532765969634056
447,0.03744599595665932,0.023910464718937874,0.042092423886060715,0.028563132509589195
448,0.0384182445704937,0.024887997657060623,0.04377829656004906,0.030241306871175766
449,0.038569044321775436,0.02503160946071148,0.04231497645378113,0.028778785839676857
450,0.038289666175842285,0.024752529338002205,0.04243965446949005,0.02890612930059433
451,0.038317132741212845,0.024782460182905197,0.042951080948114395,0.02942001447081566
452,0.03860415890812874,0.025077667087316513,0.043740902096033096,0.030223364010453224
453,0.037987831979990005,0.02447158470749855,0.043240323662757874,0.029740579426288605
454,0.03935641050338745,0.025860365480184555,0.042521100491285324,0.029021006077528
455,0.038250528275966644,0.02476377598941326,0.04376117140054703,0.030286163091659546
456,0.03803259879350662,0.02454627864062786,0.043397169560194016,0.029905257746577263
457,0.038276806473731995,0.02479155920445919,0.04218282178044319,0.028704525902867317
458,0.03861645609140396,0.02513967826962471,0.04325077310204506,0.029765885323286057
459,0.03782317787408829,0.0243427362293005,0.04231400042772293,0.02884628064930439
460,0.03751219063997269,0.02404993772506714,0.04165410250425339,0.028197020292282104
461,0.0374712273478508,0.024024521932005882,0.04120935872197151,0.027763472869992256
462,0.03750456124544144,0.02405749261379242,0.04106074571609497,0.027629312127828598
463,0.0374101921916008,0.02397405169904232,0.042183198034763336,0.02874715067446232
464,0.037862204015254974,0.02442357689142227,0.04237824305891991,0.02892754226922989
465,0.037841442972421646,0.024399258196353912,0.04288091883063316,0.02944541722536087
466,0.03828735649585724,0.024848906323313713,0.04295599088072777,0.02953692339360714
467,0.03722251579165459,0.023805156350135803,0.041550759226083755,0.028139885514974594
468,0.03803562745451927,0.02461772970855236,0.04390333592891693,0.030468888580799103
469,0.039011552929878235,0.025587648153305054,0.042849283665418625,0.02943926863372326
470,0.03849954903125763,0.025092175230383873,0.042124222964048386,0.028709884732961655
471,0.03749089315533638,0.024075394496321678,0.04271770268678665,0.029313653707504272
472,0.03962589055299759,0.026212934404611588,0.04306726157665253,0.0296487994492054
473,0.03803576901555061,0.024622155353426933,0.04286307841539383,0.029459839686751366
474,0.03725675493478775,0.023862721398472786,0.04285900667309761,0.029474854469299316
475,0.03730527684092522,0.02392575331032276,0.04364323988556862,0.030249614268541336
476,0.04022546112537384,0.026788979768753052,0.04366922378540039,0.030248763039708138
477,0.03856364265084267,0.02515440434217453,0.042686812579631805,0.029284095391631126
478,0.03782522305846214,0.024436423555016518,0.04224511981010437,0.02886233851313591
479,0.037292011082172394,0.02391779236495495,0.042070142924785614,0.028705352917313576
480,0.03736431524157524,0.02399587817490101,0.04333597049117088,0.029977448284626007
481,0.03713425248861313,0.02377716265618801,0.04192395135760307,0.02855650521814823
482,0.037282779812812805,0.0239259023219347,0.042770832777023315,0.029422631487250328
483,0.036949217319488525,0.0236002579331398,0.04171666502952576,0.02836473099887371
484,0.03736941143870354,0.024028556421399117,0.04179393872618675,0.02845543809235096
485,0.03717663884162903,0.02384268306195736,0.04157940298318863,0.0282481350004673
486,0.03729550540447235,0.02396398037672043,0.0425400510430336,0.029209990054368973
487,0.037411659955978394,0.0240855123847723,0.041867829859256744,0.028543295338749886
488,0.03610697761178017,0.022789008915424347,0.0413748174905777,0.028070272877812386
489,0.03604383394122124,0.02273700386285782,0.040693655610084534,0.027394665405154228
490,0.036004699766635895,0.02270827814936638,0.041200652718544006,0.02790370024740696
491,0.03584814816713333,0.0225557591766119,0.04139724001288414,0.028106650337576866
492,0.03603411093354225,0.02274932526051998,0.04111681506037712,0.027826223522424698
493,0.035884663462638855,0.022595703601837158,0.040253184735774994,0.02697032317519188
494,0.035730671137571335,0.02245020493865013,0.040892794728279114,0.027619408443570137
495,0.035785526037216187,0.022513415664434433,0.04113687574863434,0.027866967022418976
496,0.03536573797464371,0.02210085466504097,0.04078524187207222,0.02752627804875374
497,0.03674015775322914,0.02347204089164734,0.04117140918970108,0.027909379452466965
498,0.03623716160655022,0.022977765649557114,0.04097325727343559,0.027714548632502556
499,0.035910166800022125,0.02265337109565735,0.041306138038635254,0.028053438290953636
500,0.036014124751091,0.022750401869416237,0.041492823511362076,0.02822256088256836
501,0.035675048828125,0.022410904988646507,0.04096917808055878,0.02770870178937912
502,0.035978034138679504,0.022721627727150917,0.04317125305533409,0.02990209124982357
503,0.037362273782491684,0.024090668186545372,0.041489437222480774,0.028225257992744446
504,0.03596583008766174,0.022705068811774254,0.04094991087913513,0.027690688148140907
505,0.035893719643354416,0.022641154006123543,0.041132185608148575,0.02788781002163887
506,0.03549714758992195,0.022253310307860374,0.04082852602005005,0.02758646570146084
507,0.03605269268155098,0.022808562964200974,0.0413789264857769,0.02813304215669632
508,0.03589387610554695,0.022652670741081238,0.04141174256801605,0.028173862025141716
509,0.035978928208351135,0.02274215593934059,0.041047267615795135,0.02781836874783039
510,0.035796672105789185,0.02256971411406994,0.04106378182768822,0.027839990332722664
511,0.03563372418284416,0.0224088616669178,0.040217071771621704,0.026990028098225594
512,0.03531019017100334,0.022088672965765,0.040801431983709335,0.02758602797985077
513,0.03559364005923271,0.02237911894917488,0.04058167710900307,0.027361750602722168
514,0.035735148936510086,0.02252277545630932,0.040823400020599365,0.027613213285803795
515,0.03627040609717369,0.023063886910676956,0.04053853079676628,0.027334393933415413
516,0.03616228699684143,0.022965766489505768,0.04170618951320648,0.02850503660738468
517,0.03659781813621521,0.023386964574456215,0.04144100472331047,0.028222134336829185
518,0.035965729504823685,0.022760337218642235,0.04042907804250717,0.02723068743944168
519,0.03578164801001549,0.02258124388754368,0.041025739163160324,0.027831116691231728
520,0.036059994250535965,0.022871974855661392,0.04078032448887825,0.02759491093456745
521,0.03624922037124634,0.02305501326918602,0.0417819619178772,0.028582727536559105
522,0.03708501532673836,0.023880910128355026,0.041710130870342255,0.028506910428404808
523,0.03604944795370102,0.02285509742796421,0.04065108299255371,0.0274602510035038
524,0.035924285650253296,0.022736595943570137,0.04091687127947807,0.027731815353035927
525,0.03574353829026222,0.02256317436695099,0.04104284942150116,0.02786540612578392
526,0.035810668021440506,0.022636398673057556,0.04073349013924599,0.02756262570619583
527,0.035599030554294586,0.022428320720791817,0.040841396898031235,0.0276788417249918
528,0.03570243716239929,0.02253459393978119,0.04089753329753876,0.027733994647860527
529,0.035803526639938354,0.022637968882918358,0.04066844284534454,0.027507556602358818
530,0.035790830850601196,0.022626716643571854,0.040910061448812485,0.0277490746229887
531,0.03558066114783287,0.02241993322968483,0.040693555027246475,0.0275309756398201
532,0.03542521223425865,0.022269591689109802,0.040775757282972336,0.027623873203992844
533,0.035516995936632156,0.022365905344486237,0.040361542254686356,0.02721066027879715
534,0.03529519960284233,0.022149469703435898,0.040894098579883575,0.027752194553613663
535,0.03533225506544113,0.022194089367985725,0.04062875732779503,0.027494968846440315
536,0.035343632102012634,0.022208822891116142,0.04076355695724487,0.02762339636683464
537,0.03510882332921028,0.02197142504155636,0.04041538015007973,0.027281329035758972
538,0.03500138968229294,0.021869061514735222,0.04020209610462189,0.027072088792920113
539,0.03511953353881836,0.02199133113026619,0.04005954787135124,0.026933522894978523
540,0.03516722097992897,0.022042762488126755,0.04030120372772217,0.027175938710570335
541,0.034883156418800354,0.021760789677500725,0.040366899222135544,0.027242977172136307
542,0.03494386002421379,0.021822849288582802,0.040103934705257416,0.026983166113495827
543,0.03468380495905876,0.02156662568449974,0.04011809453368187,0.02700328826904297
544,0.03467143699526787,0.021556582301855087,0.03983963280916214,0.02672519162297249
545,0.035037558525800705,0.021925341337919235,0.04041704908013344,0.02730257622897625
546,0.03470034524798393,0.02159019373357296,0.040142301470041275,0.027038078755140305
547,0.03530815988779068,0.022199925035238266,0.04009723290801048,0.02699168585240841
548,0.035014618188142776,0.021910132840275764,0.04016604647040367,0.027064204216003418
549,0.034788794815540314,0.021687811240553856,0.04007311537861824,0.02697267010807991
550,0.03468968719244003,0.021591756492853165,0.040004879236221313,0.02690873108804226
551,0.03491904214024544,0.02182118035852909,0.041074614971876144,0.027967419475317
552,0.03520893305540085,0.022108744829893112,0.04021071642637253,0.027112681418657303
553,0.03466501086950302,0.021570026874542236,0.03993259370326996,0.026839876547455788
554,0.03493541106581688,0.02184208855032921,0.04002950340509415,0.02693573758006096
555,0.03512442484498024,0.022033456712961197,0.03996898606419563,0.02687644585967064
556,0.03474762290716171,0.02165835164487362,0.040101952850818634,0.027016963809728622
557,0.03457792103290558,0.02149299345910549,0.03994769975543022,0.02686692401766777
558,0.03480316698551178,0.02172367088496685,0.040162090212106705,0.02708231285214424
559,0.034702934324741364,0.021625500172376633,0.04028823599219322,0.027212675660848618
560,0.03497866913676262,0.021903714165091515,0.04027325659990311,0.027197860181331635
561,0.03485144302248955,0.021778207272291183,0.039842426776885986,0.026770224794745445
562,0.03479874134063721,0.021725943312048912,0.03992893919348717,0.02686040848493576
563,0.03472771868109703,0.021656740456819534,0.039995938539505005,0.026926813647150993
564,0.03463030979037285,0.021562714129686356,0.040082693099975586,0.027019580826163292
565,0.03486292064189911,0.02179889753460884,0.04008336365222931,0.02701931819319725
566,0.03462164103984833,0.02156093344092369,0.03998355567455292,0.026925818994641304
567,0.034743908792734146,0.021686872467398643,0.039970021694898605,0.026911845430731773
568,0.03484635055065155,0.02178940549492836,0.03957434743642807,0.02652067318558693
569,0.03475199267268181,0.02169661410152912,0.03959137201309204,0.02653289958834648
570,0.03488468378782272,0.021830439567565918,0.03971455618739128,0.02666618674993515
571,0.034797411412000656,0.02174803800880909,0.03954529017210007,0.026494521647691727
572,0.034713488072156906,0.02166295237839222,0.03926202282309532,0.02621154673397541
573,0.03462321683764458,0.021574966609477997,0.03976042941212654,0.026713678613305092
574,0.034835007041692734,0.02178909257054329,0.040251992642879486,0.02720692567527294
575,0.034572724252939224,0.02153136022388935,0.04019079729914665,0.02715366892516613
576,0.034562692046165466,0.021525710821151733,0.03990675508975983,0.026868626475334167
577,0.03472796082496643,0.02168986015021801,0.03985978662967682,0.02682306244969368
578,0.03458686172962189,0.021551698446273804,0.04025638848543167,0.027222977951169014
579,0.03485684096813202,0.02182556688785553,0.040280964225530624,0.027252720668911934
580,0.03449907898902893,0.02146945893764496,0.039746783673763275,0.026715194806456566
581,0.034794483333826065,0.021766003221273422,0.039635952562093735,0.026610612869262695
582,0.034452732652425766,0.021426944062113762,0.04004070907831192,0.027016300708055496
583,0.03468367084860802,0.021663255989551544,0.03995024785399437,0.026931893080472946
584,0.03534313663840294,0.02231898531317711,0.040033720433712006,0.02700342983007431
585,0.034628238528966904,0.021601373329758644,0.04033936932682991,0.027313347905874252
586,0.034799642860889435,0.02177729271352291,0.040234554558992386,0.02721193991601467
587,0.034357570111751556,0.0213383287191391,0.03985217586159706,0.026834940537810326
588,0.03509017452597618,0.02207818254828453,0.0405217781662941,0.027512889355421066
589,0.03463958203792572,0.021628504619002342,0.04119720309972763,0.02818436175584793
590,0.03528229892253876,0.022263329476118088,0.039730120450258255,0.026712285354733467
591,0.035264238715171814,0.02224467694759369,0.03985726088285446,0.02683345414698124
592,0.035352177917957306,0.02232769876718521,0.03985527902841568,0.026836786419153214
593,0.03477315977215767,0.021756751462817192,0.039959464222192764,0.02694917470216751
594,0.03489615023136139,0.0218875203281641,0.03963834419846535,0.026630446314811707
595,0.034900691360235214,0.021897196769714355,0.03975115343928337,0.026747891679406166
596,0.03472631797194481,0.021724779158830643,0.03955390676856041,0.026554705575108528
597,0.034562040120363235,0.021564550697803497,0.03975345939397812,0.026756707578897476
598,0.034602198749780655,0.021606754511594772,0.03969496488571167,0.02669900469481945
599,0.03470311313867569,0.021708689630031586,0.03959031403064728,0.0265961941331625
600,0.034630488604307175,0.021637383848428726,0.03980302810668945,0.02680918015539646
601,0.03445000573992729,0.021456584334373474,0.039683084934949875,0.026686618104577065
602,0.03530383110046387,0.022303637117147446,0.040027130395174026,0.027026334777474403
603,0.03470323979854584,0.021704841405153275,0.039562150835990906,0.02656659111380577
604,0.034711163491010666,0.02171667478978634,0.039621975272893906,0.02662847563624382
605,0.034464478492736816,0.0214715413749218,0.03956025093793869,0.02656840905547142
606,0.03449707850813866,0.021506203338503838,0.03966086357831955,0.026670247316360474
607,0.034710247069597244,0.021719060838222504,0.03969652205705643,0.026706237345933914
608,0.034458111971616745,0.021467387676239014,0.03951845318078995,0.02652883157134056
609,0.03460262343287468,0.021615615114569664,0.03945157304406166,0.02646513842046261
610,0.034356240183115005,0.02136971987783909,0.03941303491592407,0.026426291093230247
611,0.034313470125198364,0.021327918395400047,0.03949965536594391,0.026514137163758278
612,0.03436056524515152,0.02137642540037632,0.039645660668611526,0.026660708710551262
613,0.034043245017528534,0.021061182022094727,0.039648525416851044,0.026666801422834396
614,0.034143123775720596,0.02116193063557148,0.03967273607850075,0.026691168546676636
615,0.03453997150063515,0.021559027954936028,0.03980008140206337,0.026817210018634796
616,0.034413110464811325,0.021431472152471542,0.039846740663051605,0.026864539831876755
617,0.034238509833812714,0.021258514374494553,0.03956063091754913,0.026583189144730568
618,0.0341925173997879,0.021214792504906654,0.03929125517606735,0.026314109563827515
619,0.03432462736964226,0.021349435672163963,0.039335526525974274,0.026362692937254906
620,0.03409846872091293,0.021123934537172318,0.03935692086815834,0.02638224884867668
621,0.03430601581931114,0.02133329212665558,0.039204854518175125,0.026231685653328896
622,0.034441955387592316,0.021468782797455788,0.03951028361916542,0.026534434407949448
623,0.03423653170466423,0.02126304805278778,0.03924349695444107,0.026271101087331772
624,0.03450089693069458,0.02152894251048565,0.03940046578645706,0.0264300350099802
625,0.0341951847076416,0.02122480981051922,0.03944044187664986,0.02647194266319275
626,0.034209106117486954,0.02124002017080784,0.03942952677607536,0.026460720226168633
627,0.034476496279239655,0.02151045948266983,0.03961116820573807,0.026646098122000694
628,0.03437979519367218,0.0214151032269001,0.03955630958080292,0.026592426002025604
629,0.034458715468645096,0.021495243534445763,0.03961515799164772,0.02665187232196331
630,0.034294940531253815,0.02133120782673359,0.039574332535266876,0.026611533015966415
631,0.03422179073095322,0.021259397268295288,0.03971899300813675,0.026756158098578453
632,0.03420552983880043,0.021242298185825348,0.03981519490480423,0.026852663606405258
633,0.03404116630554199,0.021079696714878082,0.03986635431647301,0.02690347097814083
634,0.034296005964279175,0.02133547142148018,0.039773304015398026,0.026814546436071396
635,0.03441449999809265,0.021455219015479088,0.039646755903959274,0.026689892634749413
636,0.034440938383340836,0.021483758464455605,0.039881445467472076,0.02692459337413311
637,0.03415220230817795,0.021195685490965843,0.03982607647776604,0.026868194341659546
638,0.03433168679475784,0.021377241238951683,0.03954668715596199,0.02659471146762371
639,0.03443796932697296,0.021487420424818993,0.03924654424190521,0.026295799762010574
640,0.03459009528160095,0.02163897082209587,0.03941621631383896,0.02646668627858162
641,0.034000806510448456,0.021051276475191116,0.039344966411590576,0.026397300884127617
642,0.03409908339381218,0.02115088701248169,0.03962679207324982,0.02667727880179882
643,0.03426133468747139,0.02131105214357376,0.0397399477660656,0.026790784671902657
644,0.03414975106716156,0.02119896188378334,0.039714515209198,0.02676336094737053
645,0.0340111181139946,0.02106166072189808,0.03969461843371391,0.026748014613986015
646,0.03455756977200508,0.021609656512737274,0.039887022227048874,0.02693597413599491
647,0.0341389961540699,0.02118908241391182,0.039720989763736725,0.026772363111376762
648,0.034245528280735016,0.02129765786230564,0.039757002145051956,0.026809966191649437
649,0.03403286263346672,0.021085791289806366,0.0395626574754715,0.02661663480103016
650,0.03445759788155556,0.021512432023882866,0.039403993636369705,0.026459507644176483
651,0.03381890803575516,0.020873509347438812,0.03950110822916031,0.02655641734600067
652,0.03398948162794113,0.021044742316007614,0.03950956091284752,0.02656499482691288
653,0.03397703543305397,0.021033311262726784,0.03950852155685425,0.026566194370388985
654,0.03399915620684624,0.021056341007351875,0.039415184408426285,0.026473550125956535
655,0.03407914936542511,0.02113700844347477,0.03952273353934288,0.02658086270093918
656,0.03411232307553291,0.021170075982809067,0.03943607583642006,0.026493562385439873
657,0.03403957933187485,0.021096685901284218,0.03946680948138237,0.026523901149630547
658,0.03413885086774826,0.021194711327552795,0.039369966834783554,0.02642735466361046
659,0.03395548090338707,0.02101270668208599,0.039479415863752365,0.026536809280514717
660,0.03417004272341728,0.02122836373746395,0.039474956691265106,0.026533963158726692
661,0.03413230925798416,0.021191846579313278,0.03951296955347061,0.026573151350021362
662,0.03433211147785187,0.021392371505498886,0.03940492123365402,0.026464665308594704
663,0.03418669477105141,0.02124721370637417,0.03945200517773628,0.02651343308389187
664,0.03390245884656906,0.0209641270339489,0.03966128081083298,0.02672353945672512
665,0.034217916429042816,0.021279338747262955,0.03958449885249138,0.02664569951593876
666,0.03395034745335579,0.021011490374803543,0.03948833793401718,0.02655003033578396
667,0.03366803377866745,0.020729079842567444,0.0394669771194458,0.026529163122177124
668,0.033990148454904556,0.021051302552223206,0.03952792286872864,0.026589054614305496
669,0.034089379012584686,0.021150650456547737,0.039398230612277985,0.026460004970431328
670,0.033957406878471375,0.021018613129854202,0.03938828036189079,0.0264497771859169
671,0.03399839624762535,0.021060673519968987,0.03941956162452698,0.02648339793086052
672,0.033818136900663376,0.02088101953268051,0.039506517350673676,0.026569344103336334
673,0.03428151458501816,0.021344847977161407,0.03933762386441231,0.026400746777653694
674,0.033827442675828934,0.020890329033136368,0.039379559457302094,0.02644243836402893
675,0.03402521461248398,0.021087879315018654,0.03951844573020935,0.02658182568848133
676,0.03382483124732971,0.0208887942135334,0.03936415910720825,0.02642805129289627
677,0.033976852893829346,0.02104078233242035,0.03945589438080788,0.026520242914557457
678,0.03396768122911453,0.021031929180026054,0.039458420127630234,0.026523040607571602
679,0.03388756886124611,0.020952260121703148,0.03927374258637428,0.026338374242186546
680,0.03391042351722717,0.020975027233362198,0.039408911019563675,0.0264733899384737
681,0.03376198187470436,0.020826835185289383,0.03948035463690758,0.026545513421297073
682,0.033684585243463516,0.02075047232210636,0.039405860006809235,0.02647271752357483
683,0.033823855221271515,0.02089068479835987,0.03949187323451042,0.026558738201856613
684,0.03371448069810867,0.02078166976571083,0.039448220282793045,0.026515405625104904
685,0.033837635070085526,0.020905060693621635,0.039361774921417236,0.02642991580069065
686,0.033782124519348145,0.02084999345242977,0.039223577827215195,0.026291774585843086
687,0.03389718756079674,0.020965322852134705,0.039281345903873444,0.02634906955063343
688,0.03408521041274071,0.02115408331155777,0.03928305208683014,0.02635299228131771
689,0.0338309071958065,0.020901715382933617,0.039261478930711746,0.02633323147892952
690,0.03381097689270973,0.02088211290538311,0.03939579054713249,0.026467056944966316
691,0.03399426490068436,0.021065527573227882,0.03936047852039337,0.026431214064359665
692,0.034223467111587524,0.02129468508064747,0.0393545962870121,0.026425570249557495
693,0.033863116055727005,0.020934680476784706,0.03933606296777725,0.026407884433865547
694,0.033860255032777786,0.020932134240865707,0.0392758883535862,0.02634722739458084
695,0.03403487429022789,0.021106962114572525,0.03917337954044342,0.026246095076203346
696,0.0339500717818737,0.021022334694862366,0.03919285163283348,0.026264768093824387
697,0.034173425287008286,0.02124532125890255,0.039217252284288406,0.026288997381925583
698,0.0337299108505249,0.020802099257707596,0.03914255648851395,0.02621558867394924
699,0.03379996493458748,0.020873000845313072,0.039185378700494766,0.026258151978254318
700,0.033896833658218384,0.020969584584236145,0.03923239931464195,0.026305776089429855
701,0.03394341096282005,0.021016186103224754,0.03939172998070717,0.026464523747563362
702,0.0337514691054821,0.020825160667300224,0.03927511349320412,0.02634883113205433
703,0.03402368724346161,0.02109646052122116,0.03946346044540405,0.026536278426647186
704,0.03404015675187111,0.021113039925694466,0.039406731724739075,0.0264799352735281
705,0.034022022038698196,0.021094510331749916,0.039395205676555634,0.02646815963089466
706,0.03403177112340927,0.0211056936532259,0.03943554311990738,0.026509467512369156
707,0.03398001194000244,0.02105363830924034,0.03933846950531006,0.02641279250383377
708,0.033865153789520264,0.020939530804753304,0.03935449942946434,0.02642904408276081
709,0.034064602106809616,0.02113919146358967,0.03921043127775192,0.026284348219633102
710,0.03357209637761116,0.02064543031156063,0.039299480617046356,0.026373427361249924
711,0.03387485072016716,0.0209488645195961,0.039217736572027206,0.02629184164106846
712,0.033878132700920105,0.02095245011150837,0.03919290751218796,0.026267753913998604
713,0.033830635249614716,0.020904887467622757,0.03927746042609215,0.026352088898420334
714,0.03381313756108284,0.020887605845928192,0.039278045296669006,0.026353422552347183
715,0.03397664800286293,0.02105206437408924,0.03933946415781975,0.02641407772898674
716,0.03419117256999016,0.021266678348183632,0.03919494152069092,0.026271313428878784
717,0.033789556473493576,0.020866351202130318,0.03925028070807457,0.02632661536335945
718,0.03375711664557457,0.020833224058151245,0.039332058280706406,0.026407932862639427
719,0.03380659222602844,0.020882759243249893,0.03926082327961922,0.026337096467614174
720,0.033617351204156876,0.020694218575954437,0.039382077753543854,0.026459338143467903
721,0.03409944102168083,0.02117709070444107,0.0392797589302063,0.026357289403676987
722,0.03393922746181488,0.02101733535528183,0.03928682580590248,0.02636486478149891
723,0.03391572833061218,0.020993413403630257,0.039337124675512314,0.026414893567562103
724,0.033874835819005966,0.020952969789505005,0.03919645771384239,0.02627488039433956
725,0.03381256386637688,0.02089102379977703,0.0392579585313797,0.026336783543229103
726,0.03386653959751129,0.020945148542523384,0.03929458186030388,0.026373280212283134
727,0.0338127426803112,0.020891426131129265,0.03928578272461891,0.026364626362919807
728,0.03359713405370712,0.020676229149103165,0.03929722681641579,0.026376258581876755
729,0.03397542983293533,0.021054353564977646,0.03932676464319229,0.026405636221170425
730,0.03394291177392006,0.021021820604801178,0.03928915411233902,0.0263680387288332
731,0.03384920209646225,0.020928414538502693,0.039271555840969086,0.02635127678513527
732,0.033788349479436874,0.02086852677166462,0.039233386516571045,0.026313338428735733
733,0.033812057226896286,0.020891619846224785,0.03923684358596802,0.026316586881875992
734,0.03362038731575012,0.020700622349977493,0.03917236626148224,0.02625315450131893
735,0.03380131721496582,0.020881950855255127,0.03926081955432892,0.026341479271650314
736,0.03390311077237129,0.020983587950468063,0.03925202414393425,0.026332611218094826
737,0.03374761343002319,0.02082791179418564,0.03933564946055412,0.026415755972266197
738,0.03406103327870369,0.02114151045680046,0.039287541061639786,0.02636866271495819
739,0.033990222960710526,0.021071188151836395,0.03933139145374298,0.026412691920995712
740,0.033895961940288544,0.020977381616830826,0.03939788416028023,0.026479171589016914
741,0.03380710259079933,0.020888375118374825,0.039310406893491745,0.026391828432679176
742,0.03381258249282837,0.02089366875588894,0.03927634283900261,0.02635708451271057
743,0.03365179896354675,0.020732570439577103,0.039185263216495514,0.0262663085013628
744,0.03410245478153229,0.021183287724852562,0.039198242127895355,0.026278866454958916
745,0.03373626992106438,0.02081686444580555,0.039237406104803085,0.026317935436964035
746,0.03372364491224289,0.020804401487112045,0.039218150079250336,0.02629932388663292
747,0.03394651412963867,0.021027736365795135,0.039213620126247406,0.02629495970904827
748,0.0339808315038681,0.021062197163701057,0.03923812136054039,0.026319554075598717
749,0.03367042914032936,0.020751988515257835,0.039242736995220184,0.02632407285273075
750,0.03392491489648819,0.02100617066025734,0.0392766036093235,0.026357684284448624
751,0.033884745091199875,0.020965930074453354,0.039204731583595276,0.026286130771040916
752,0.03388584405183792,0.02096724510192871,0.0392378494143486,0.02631927840411663
753,0.03375896066427231,0.020840538665652275,0.039261117577552795,0.026342783123254776
754,0.033885568380355835,0.020967062562704086,0.03930795192718506,0.026389332488179207
755,0.033814750611782074,0.020896287634968758,0.039265405386686325,0.026347262784838676
756,0.0337175652384758,0.020799465477466583,0.039260998368263245,0.02634299546480179
757,0.0336013026535511,0.02068338170647621,0.039242032915353775,0.0263241995126009
758,0.0338054895401001,0.02088753879070282,0.039275169372558594,0.026357367634773254
759,0.033962447196245193,0.021044811233878136,0.03927082568407059,0.02635328657925129
760,0.033918995410203934,0.02100144885480404,0.03926943615078926,0.026351919397711754
761,0.033724986016750336,0.020807702094316483,0.03918204829096794,0.026264788582921028
762,0.033677615225315094,0.02076016180217266,0.0392332524061203,0.026315825060009956
763,0.033865902572870255,0.02094845287501812,0.03923133760690689,0.02631388232111931
764,0.033786337822675705,0.020868906751275063,0.03925205394625664,0.026334401220083237
765,0.03364094719290733,0.020723378285765648,0.039290789514780045,0.026373103260993958
766,0.033709779381752014,0.020792212337255478,0.03926654905080795,0.026349209249019623
767,0.03361910581588745,0.020701831206679344,0.03929222375154495,0.02637503296136856
768,0.03366841748356819,0.02075134590268135,0.03930536285042763,0.026388300582766533
769,0.033888835459947586,0.020971884950995445,0.03926564007997513,0.026348663493990898
770,0.03388885781168938,0.02097195014357567,0.03924781084060669,0.026331067085266113
771,0.03346698731184006,0.020550237968564034,0.03929368406534195,0.026376845315098763
772,0.033865902572870255,0.020949173718690872,0.03927585855126381,0.02635912038385868
773,0.033744532614946365,0.020827732980251312,0.039238717406988144,0.02632210962474346
774,0.03381509706377983,0.02089846506714821,0.039233699440956116,0.026317069306969643
775,0.03378806263208389,0.020871490240097046,0.03928177431225777,0.02636513113975525
776,0.03398941457271576,0.021072760224342346,0.03926490992307663,0.02634826861321926
777,0.03368983790278435,0.02077331207692623,0.03929101675748825,0.026374561712145805
778,0.033595290035009384,0.02067890763282776,0.03927392140030861,0.026357600465416908
779,0.033932339400053024,0.021016007289290428,0.039285678416490555,0.02636929415166378
780,0.03387865424156189,0.02096223644912243,0.03932080790400505,0.02640428952872753
781,0.03358381614089012,0.020667321979999542,0.03932420164346695,0.026407694444060326
782,0.03378480300307274,0.02086835913360119,0.03931266441941261,0.02639627456665039
783,0.03369737043976784,0.020780999213457108,0.039303384721279144,0.026387056335806847
784,0.0339839793741703,0.02106766402721405,0.03930153325200081,0.02638520486652851
785,0.03404830023646355,0.021132001653313637,0.039339516311883926,0.026423238217830658
786,0.033725813031196594,0.02080957032740116,0.03937806561589241,0.02646196447312832
787,0.03384919837117195,0.020933272317051888,0.039357926696538925,0.0264420323073864
788,0.03352334722876549,0.020607538521289825,0.039343904703855515,0.026428084820508957
789,0.03383101150393486,0.020915035158395767,0.03932648524641991,0.026410436257719994
790,0.033798038959503174,0.020881926640868187,0.03933403640985489,0.026417918503284454
791,0.033795859664678574,0.020879805088043213,0.0394161120057106,0.0265000369399786
792,0.034022942185401917,0.021106872707605362,0.039388470351696014,0.026472415775060654
793,0.03364633768796921,0.02073032408952713,0.039418864995241165,0.026502825319767
794,0.033579420298337936,0.020663445815443993,0.03938476741313934,0.02646883763372898
795,0.03372829034924507,0.02081240899860859,0.039437081664800644,0.026521291583776474
796,0.03403602913022041,0.021120237186551094,0.03943417966365814,0.02651846967637539
797,0.034023724496364594,0.02110808528959751,0.039444439113140106,0.026528846472501755
798,0.03377122804522514,0.02085566520690918,0.03945281729102135,0.026537105441093445
799,0.03403813764452934,0.0211224053055048,0.03944895789027214,0.02653321623802185
800,0.03364931419491768,0.02073356881737709,0.03945833072066307,0.026542561128735542
801,0.03380770608782768,0.020891927182674408,0.039459072053432465,0.026543311774730682
802,0.033780768513679504,0.020864982157945633,0.03947259485721588,0.02655686065554619
803,0.03378953039646149,0.020873820409178734,0.039451420307159424,0.02653573267161846
804,0.0337052159011364,0.02078958787024021,0.03945152461528778,0.02653593011200428
805,0.033966921269893646,0.021051369607448578,0.039461374282836914,0.026545872911810875
806,0.03392576426267624,0.02101024053990841,0.03945429250597954,0.02653876505792141
807,0.03380352631211281,0.020887961611151695,0.03946274518966675,0.02654716931283474
808,0.033781200647354126,0.02086561731994152,0.0394611619412899,0.026545541360974312
809,0.03363168239593506,0.020716065540909767,0.03946425020694733,0.026548607274889946
810,0.0338517501950264,0.020936133340001106,0.03948221355676651,0.02656662091612816
811,0.03381911292672157,0.020903512835502625,0.03949674218893051,0.026581155136227608
812,0.03354936093091965,0.02063382789492607,0.039458729326725006,0.026543298736214638
813,0.033866748213768005,0.020951302722096443,0.0394461490213871,0.026530714705586433
814,0.03400542959570885,0.021090051159262657,0.03943725302815437,0.02652188576757908
815,0.03386480361223221,0.020949434489011765,0.039401162415742874,0.026485813781619072
816,0.03372436761856079,0.020808998495340347,0.039443857967853546,0.02652851678431034
817,0.03396439552307129,0.021049058064818382,0.039460062980651855,0.026544708758592606
818,0.03410440683364868,0.021188991144299507,0.03945304453372955,0.026537582278251648
819,0.03389089182019234,0.02097540907561779,0.039466895163059235,0.026551412418484688
820,0.03358850255608559,0.020673058927059174,0.039453644305467606,0.026538191363215446
821,0.03377455100417137,0.020859114825725555,0.0394572950899601,0.026541873812675476
822,0.03364928811788559,0.020733878016471863,0.03948470950126648,0.02656928263604641
823,0.0337066687643528,0.02079128846526146,0.039476558566093445,0.026561232283711433
824,0.033743519335985184,0.02082819677889347,0.03947100415825844,0.026555685326457024
825,0.03398694470524788,0.021071646362543106,0.03942413255572319,0.02650880254805088
826,0.03361675143241882,0.020701399073004723,0.03943273797631264,0.026517393067479134
827,0.033985771238803864,0.0210704542696476,0.03946312516927719,0.02654780074954033
828,0.03393520787358284,0.021019872277975082,0.03942807763814926,0.02651270665228367
829,0.03391636535525322,0.02100095897912979,0.03940305858850479,0.026487646624445915
830,0.033625684678554535,0.020710282027721405,0.039425063878297806,0.026509683579206467
831,0.03393054008483887,0.021015148609876633,0.03943465277552605,0.02651926875114441
832,0.03389453515410423,0.020979171618819237,0.039430003613233566,0.026514656841754913
833,0.033764585852622986,0.02084925025701523,0.03944358229637146,0.026528250426054
834,0.03390130028128624,0.02098599076271057,0.039426933974027634,0.026511644944548607
835,0.03389585390686989,0.020980574190616608,0.03942575678229332,0.026510506868362427
836,0.03366078808903694,0.020745541900396347,0.03945304825901985,0.026537789031863213
837,0.033857982605695724,0.020942751318216324,0.03944106772542,0.026525836437940598
838,0.03390057384967804,0.020985331386327744,0.03945237770676613,0.02653711847960949
839,0.03393978625535965,0.021024566143751144,0.03946061059832573,0.026545386761426926
840,0.03394210338592529,0.02102687396109104,0.039478544145822525,0.026563303545117378
841,0.033950742334127426,0.02103549987077713,0.039457056671381,0.026541825383901596
842,0.033695705235004425,0.020780468359589577,0.03947056829929352,0.026555344462394714
843,0.033889465034008026,0.020974276587367058,0.03945650905370712,0.0265413336455822
844,0.03384474292397499,0.020929599180817604,0.03946666419506073,0.026551537215709686
845,0.03374265506863594,0.020827559754252434,0.039455268532037735,0.026540184393525124
846,0.03405948355793953,0.021144386380910873,0.03945862501859665,0.02654353715479374
847,0.033439960330724716,0.020524855703115463,0.03943006321787834,0.026514949277043343
848,0.03373473510146141,0.0208196509629488,0.03940384462475777,0.026488780975341797
849,0.03362642601132393,0.02071135863661766,0.039402253925800323,0.026487169787287712
850,0.03393533080816269,0.021020255982875824,0.03945789486169815,0.026542801409959793
851,0.03383336588740349,0.02091827802360058,0.03943729028105736,0.026522209867835045
852,0.03378686681389809,0.020871782675385475,0.03941085562109947,0.02649576961994171
853,0.03372151777148247,0.020806431770324707,0.039434757083654404,0.026519667357206345
854,0.03367513418197632,0.020760059356689453,0.039415884763002396,0.026500817388296127
855,0.03379706293344498,0.02088199555873871,0.039438169449567795,0.02652309648692608
856,0.0339050218462944,0.020989948883652687,0.039455972611904144,0.02654089406132698
857,0.03365208953619003,0.020736997947096825,0.03945973888039589,0.02654465101659298
858,0.033701490610837936,0.02078641578555107,0.039468828588724136,0.02655375562608242
859,0.03370336815714836,0.020788289606571198,0.03944363817572594,0.026528557762503624
860,0.03381750360131264,0.020902419462800026,0.03944749757647514,0.026532405987381935
861,0.03350100666284561,0.020585911348462105,0.039473775774240494,0.026558684185147285
862,0.033652808517217636,0.020737724378705025,0.03946633264422417,0.02655126340687275
863,0.033724091947078705,0.02080901712179184,0.03946838155388832,0.026553306728601456
864,0.03358674794435501,0.020671667531132698,0.03948594629764557,0.026570875197649002
865,0.033903028815984726,0.020987965166568756,0.039482589811086655,0.026567528024315834
866,0.03371687978506088,0.020801831036806107,0.039486125111579895,0.026571081951260567
867,0.033613432198762894,0.02069837599992752,0.03946921229362488,0.026554152369499207
868,0.033621419221162796,0.020706361159682274,0.0394783616065979,0.026563309133052826
869,0.034059274941682816,0.021144229918718338,0.03947112709283829,0.026556087657809258
870,0.033905014395713806,0.020989978685975075,0.03942202031612396,0.026507003232836723
871,0.03410041332244873,0.021185388788580894,0.039475567638874054,0.026560546830296516
872,0.03361555188894272,0.020700538530945778,0.03946510702371597,0.02655009552836418
873,0.03356611356139183,0.020651115104556084,0.039442405104637146,0.026527421548962593
874,0.03334677964448929,0.020431794226169586,0.03944699838757515,0.026532020419836044
875,0.033882513642311096,0.02096753939986229,0.03946143016219139,0.026546450331807137
876,0.033644989132881165,0.02073000557720661,0.03946564346551895,0.026550663635134697
877,0.033866506069898605,0.02095152996480465,0.039483800530433655,0.02656882256269455
878,0.03381510078907013,0.02090013585984707,0.03945334628224373,0.026538385078310966
879,0.03384043648838997,0.020925482735037804,0.03944362699985504,0.026528671383857727
880,0.033728018403053284,0.020813066512346268,0.039384227246046066,0.026469269767403603
881,0.033709026873111725,0.020794058218598366,0.039434704929590225,0.02651975303888321
882,0.03379708528518677,0.020882122218608856,0.03945664316415787,0.02654169127345085
883,0.03357895091176033,0.020663993433117867,0.03946259245276451,0.026547640562057495
884,0.033696115016937256,0.020781151950359344,0.03946856036782265,0.026553595438599586
885,0.03380904346704483,0.020894087851047516,0.0394740104675293,0.02655905671417713
886,0.033747438341379166,0.02083248645067215,0.0394674576818943,0.026552513241767883
887,0.03363824263215065,0.020723290741443634,0.03947081044316292,0.026555856689810753
888,0.03379550203680992,0.020880550146102905,0.039468370378017426,0.026553425937891006
889,0.03386919945478439,0.020954253152012825,0.039446793496608734,0.026531854644417763
890,0.03408757969737053,0.02117263711988926,0.03944656252861023,0.026531632989645004
891,0.03366457298398018,0.020749641582369804,0.03947697952389717,0.026562048122286797
892,0.0337788350880146,0.02086389809846878,0.03947780653834343,0.026562867686152458
893,0.0338631346821785,0.020948199555277824,0.03947199881076813,0.026557065546512604
894,0.03359513357281685,0.02068019099533558,0.03947712108492851,0.026562189683318138
895,0.03393338993191719,0.02101845294237137,0.03949034586548805,0.026575418189167976
896,0.0341055803000927,0.021190643310546875,0.03948624059557915,0.026571307331323624
897,0.03367730602622032,0.02076237089931965,0.03944727033376694,0.026532333344221115
898,0.033717650920152664,0.020802710205316544,0.03944331407546997,0.026528375223279
